,date,arroba,text,tweet_id,favorite,retweet
0,2019-05-27 23:18:33,crisinveste,"Fechamento:
IBOVESPA: +1,32% 
Altas 
ECOR3 +5,44%
CSNA3 +5,28%
NATU3 +5,26%
KROT3 +5,16%
MRVE3 +4,45%
Baixas
CIEL3 -4,75%
JBSS3 -3,06%
QUAL3 -0,67%
IRBR3 -0,60%
GGBR4 -0,43% https://t.co/yEulizPSzK",1133150526298836992,2,0
1,2019-05-24 17:16:26,AraripeHeitor,"#IRBR3  LL x Cota√ß√£o =&gt; R$ 43,71 (-56%) https://t.co/7Q4lT3Hw3S",1131972233516257285,18,1
2,2019-05-27 17:07:38,alfredomartini,$IRBR3 - Guide troca Eztec por Ita√∫sa na carteira da semana https://t.co/Zzi4M1bIqf,1133057183959212036,0,0
3,2019-05-22 01:03:10,capmtavares,"@mfbohm Ser√° q Buffet venderia IRBR3 s√≥ pq ""j√°"" deu 150% ?  Eu prefiro rebalancear. Me sinto melhor reinvestindo os lucros de IRBR3, BIDI4, MGLU3 pra comprar ITSA4, CVCB3, ou entrar em novas posi√ß√µes. Mas valeu !",1131002528521490439,2,0
4,2019-05-24 21:01:04,alfredomartini,$IRBR3 - IRBBRASIL RE (IRBR-NM) - Sumario Reuniao Conselho Administracao - 24/05/19 https://t.co/jEVHfgsJRO,1132028764962074624,0,0
5,2019-05-21 12:49:16,alfredomartini,$IRBR3 - (IRBR3) - LEILAO DE  IRBBRASIL REON      NM ATE  10:05:00 HS https://t.co/1QXWuj58qP,1130817836874706944,0,0
6,2019-05-21 20:18:37,corretorawlc,"21/05/19 - 17:19: Maiores Baixas: JBSS3 -6,71% R$22,40; BRFS3 -4,81% R$30,29; MRFG3 -2,23% R$7,02; RENT3 -0,69% R$36,15; IRBR3 -0,63% R$103,55.",1130930919282548736,0,0
7,2019-05-28 17:03:18,invistanecton,"CALLDOGRAFISTA M√°rcio Barreto,CNPI- T Sempreantesdeinvestirconfiraodisclaimer:https://t.co/8Dyh6uAfnW                               #call #ibovespa #a√ß√µes #swingtrade #CALL  #mercado #trader #necton #marciogomes  #investimentos #analisegrafica #corretora #rendavariavel #IRBR3 https://t.co/KNyupE9L6H",1133418481897091074,2,0
8,2019-05-22 14:04:14,gaborealoficial,"Vi uma anota√ß√£o antiga minha no tradingview sobre IRBR3: Acompanhar, aguardar rompimento dos 41,67 pra comprar. Mar/18.

IRBR3 bateu 100,00 no come√ßo do m√™s.

O bagulho DOBROU de pre√ßo e mais um pouco. √â de se matar ou n√£o?",1131199092095356929,0,0
9,2019-05-27 21:05:01,alfredomartini,$IRBR3 - IRBBRASIL RE (IRBR-NM) - Ata Reuniao do Conselho de Administracao - 24/05/19 https://t.co/4Kt549TYRi,1133116924467064834,0,0
10,2019-05-13 17:30:37,ToroInvestidor,"IRBR3 melhor ""renda fixa"" do mercado acion√°rio da B3. https://t.co/G46r2NzA4H",1127989536485670912,2,1
11,2019-05-24 21:03:02,alfredomartini,$IRBR3 - IRBBRASIL RE (IRBR-NM) - Outros Comunicados ao Mercado - 24/05/19 https://t.co/hCbgEEJG1T,1132029260338728964,0,0
12,2019-05-18 10:24:45,crisinveste,"7h da manh√£ de s√°bado , eu aqui dando uma analisadinha em umas a√ß√µes... e me deparo com este gr√°fico da IRB (IRBR3) - eu juro e q em 13 anos de mercado nunca tinha visto um gr√°fico assim de uma a√ß√£o... t√£o retinho para cima... quase uma renda fixa parece isso !!! j√° perceberam ? https://t.co/75tmCldtcB",1129694304329510914,28,0
13,2019-05-07 14:03:18,Austrux_Investi,Confira: IRBR3 - Balanco trimestral referente a 2019-03-31 #IRBR3 Veja em: https://t.co/HD0je9BCbe #acoes #bovespa carona tag #MinhaInfanciaEraBoaPq,1125763037334523904,0,0
14,2019-05-11 01:21:09,Adiel_Santiagoo,"@ricocomvc A campe√£ foi IRBR3. As outras B3, MRV e Qualicorp. Rico Dividendos ‚ù§üëèüèΩ",1127020789398757376,0,0
15,2019-05-24 21:37:15,Adiel_Santiagoo,@SunoResearchcom IRBR3,1132037871907594240,0,0
16,2019-05-14 23:42:16,Genilso93238460,"@marcosaravalle LREN3, EGIE3, IRBR3",1128445452955811840,1,0
17,2019-05-24 10:38:58,InvestWolf,@Gabriel78326382 @luizfalvesjr @HGrimouth Short em IRBR3? Se √© bich√£o hein? Coragem. https://t.co/I2WG3oSSup,1131872207557275648,1,0
18,2019-05-18 13:06:47,lcsampapai,@investe10 Tinha IRBR3 em minha carteira. Que saudades desse comportamento de renda fixa sem marca√ß√£o √† mercado!,1129735081143279618,1,0
19,2019-05-28 16:37:10,alfredomartini,"$IRBR3 - IRB, BB Seguridade e estrangeiras est√£o de olho na √°rea de seguros da Caixa https://t.co/GbH8MQMUVH",1133411904213401600,0,0
20,2019-05-27 11:50:33,CaroInseto,"Deixei irbr3 muito cedo e hrtp3 muito tarde. Pior, n√£o sei se aprendi algo efetivo com isto.",1132977387757613056,23,0
21,2019-05-22 01:34:25,mfbohm,"@MrcioTa82788415 Vc compraria IRBR3 hoje. Esta √© a pergunta que se deve fazer. Se voce compra hj, mantenha a posicao.",1131010395047649288,2,0
22,2019-05-29 17:47:43,Elitpro,"@InvestidorValor @backoffice_boy @hbredda @JohnCavill4 @femisapien_z Dei sorte em Cielo, sai de 50% na m√°xima, ent√£o sim, qdo zerei tinha uns 20% apenas da posi√ß√£o que carregava em 2015. Suzano, sai de 50% + 20% de lucro entre 44 e 48, comprei a 12. Essa ainda mantenho o lucro. As pr√≥ximas devem ser Unip6  e IRBR3 pra fazer o mesmo",1133792047347961859,4,0
23,2019-05-24 20:15:15,corretorawlc,"24/05/19 - 17:15: Maiores Baixas: SUZB3 -7,31% R$34,12; BRKM5 -4,37% R$40,95; KLBN11 -4,37% R$15,33; BTOW3 -2,83% R$30,61; IRBR3 -2,73% R$99,99.",1132017234723987456,0,0
24,2019-05-27 23:08:01,sunoresearch,"üìâ Maiores baixas do Ibovespa:                       

CIEL3 / R$ 7,22 / -4,75%
JBSS3 / R$ 22,51 / -3,06%
QUAL3 / R$ 19,42 / -0,67%
IRBR3 / R$ 99,30/ -0,60%
GGBR4 / R$ 13,79 / -0,43%",1133147877646245895,19,0
25,2019-05-30 20:50:02,alfredomartini,$IRBR3 - IRBBRASIL RE (IRBR-NM) - Relatorio de Agencia de Rating - 30/05/19 https://t.co/kdOReWyAbv,1134200315694202880,0,0
26,2019-05-09 23:38:04,Gustavo_CSantos,@ricocomvc IRBR3,1126632458286456832,1,0
27,2019-05-22 12:35:40,binhoinvestor,"Compara√ß√£o de Maio/2019(at√© 22/05) com Maio/2018. 

#HAPV3 #TRIS3 #IRBR3 #ENBR3 #HYPE3 #TUPY3 #B3SA3 #LREN3 #WEGE3 https://t.co/NJOjUonfTl",1131176802385309696,1,0
28,2019-05-21 15:31:00,mfbohm,Hoje demos um ‚Äúat√© logo‚Äù para IRBR3. +152% em 14 meses no MAB. Para quem seguiu a nossa sugestao desde o IPO: +314%. Orgulho desta nossa tacada! #oterrordosshorts #melhoresacoes,1130858539545550849,291,3
29,2019-05-10 20:05:31,capmtavares,"Nem fiz caixa, o meu j√° t√° lotado. Desmontei com financeiros iguais, e os 15% de lucro ""realizei"" aumentando IRBR3 na carteira. https://t.co/lrCqQ31FKk",1126941354469335040,0,0
30,2019-05-08 22:46:48,capmtavares,"J√° realizei um pouco de IRBR3, minhas doletas nos √∫ltimos meses. S√≥ n√£o vou inverter a m√£o... https://t.co/4DdtCW1OmY",1126257169161179136,0,0
31,2019-05-19 22:45:53,marcelo08805295,@samydana @rationalexpec @glowerduarte1 @tamosai2 @hbredda Minha maior posi√ß√£o curiosamente foi o IRBR3 que vive de aplicar em renda fixa ... Puta neg√≥cio. Mas mais do underwriting do que de aplica√ß√£o financeira,1130243205453295622,1,0
32,2019-05-10 18:05:02,portiz1982,@mfbohm IRBR3 a 200 reais tranquilo!,1126911036215504896,3,0
33,2019-05-06 14:37:01,alfredomartini,$IRBR3 - IRBBRASIL RE (IRBR-NM) - Demonstracoes Financeiras - ITR de 31/03/19 (R) https://t.co/BjX8RLRgLu,1125409134961156098,0,0
34,2019-05-25 14:46:46,_TrendTrading,"#IRBR3 PC de compra. ( e 9.1 de venda ) ativa√ß√£o de um setup desativa o outro. Por√©m papel em clara TA, venda no momento n√£o √© interessante imo. Tbm tem 9.3 de compra no semanal. https://t.co/UGuvJIqUko",1132296956259254272,5,0
35,2019-05-16 17:06:21,YoutuberDeAnime,Joguinhos a 230 reais. Mais caro q a√ß√£o da IRBR3 bicho. Puta investimento a√≠.,1129070596141273088,1,0
36,2019-05-10 22:23:01,alfredomartini,"$IRBR3 - IRBBRASIL RE (IRBR-NM) - VM Posicao Individual (Cia,Controladas e Coligadas) https://t.co/hKTfpyJwDO",1126975958290980865,0,0
37,2019-05-26 01:02:59,wendelfisiot,"@fernandocluiz @fernandocluiz  vc j√° olhou IRBR3??  T√° 8,5 P/VPA... Qual sua opini√£o",1132452035943632899,0,0
38,2019-05-27 21:04:03,alfredomartini,$IRBR3 - IRBBRASIL RE (IRBR-NM) - Regimento interno de Comites - 23/11/18 (R) https://t.co/6GozZVbcpI,1133116680287264768,0,0
39,2019-05-25 11:26:58,amaurifcass,@SunoResearchcom IRBR3,1132246676771680261,0,0
40,2019-05-23 01:45:03,Claudio86091122,@hbredda IRBR3 √© uma dessas bombas montadas...,1131375458384338944,2,0
41,2019-05-22 19:06:45,selusava,IRBBRASIL RE ON - IRBR3 - IRB - BRASIL RESSEGUROS S.A. https://t.co/9JmOqGpBSL,1131275220260667393,0,0
42,2019-05-13 16:49:00,opaizao,"@FundoVersa por falar nisso, ainda short em IRBR3?",1127979066135650304,3,0
43,2019-05-10 19:09:55,InvestWolf,Quero ver quem √© macho de fazer short em IRBR3,1126927362346618881,3,1
44,2019-05-21 13:20:20,short_squeeze_,"IRBR3 sofrendo hoje por causa do acidente da Petrobras. IRB n√£o tinha Resseguro de lucro cessante nem de montagem de plataforma. Ou seja, nenhum impacto para o IRB. √â um Buy Opp !!",1130825656072384512,1,0
45,2019-05-21 09:29:38,cmanfrim,"@ricocomvc TRPL4, EGIE3 e IRBR3",1130767597560049665,1,0
46,2019-05-19 15:10:00,WallFigueiredo,"Rastreamento de #a√ß√µes : Graf Di√°rio p/ 20/05/19, Analise se romper: 
BPAN4 3,49
BBPO11 140,35
JSRE11 108,25
KNCR11 104,56
IRBR3 100,07
SULA11 33,03",1130128476613369857,0,0
47,2019-05-30 21:19:03,alfredomartini,$IRBR3 - IRBBRASIL RE (IRBR-NM) - Outros Comunicados ao Mercado - 30/05/19 https://t.co/0V1HUKGn66,1134207617830666240,0,0
48,2019-05-21 01:29:53,jcamargonyc,@edu_supercanal Cuidado com IRBR3 amanh√£ cai !,1130646863059849217,1,0
49,2019-04-28 22:58:26,Austrux_Investi,Confira: Proventos pago por_ IRBR3 #IRBR3 Veja em: https://t.co/HQ1O0cSJw4 #acoes #bovespa carona tag #BrasileiraoNaTNT,1122636217986818048,0,0
50,2019-05-06 01:20:37,WallFigueiredo,"Rastreamento de #a√ß√µes : Graf Di√°rio 

Volume financeiro &gt;1,5 x MM21 Graf Di√°rio - 02/05/19)
FVBI11
FLRY3
IRBR3
GOVE11
ISUS11
ITSA3
ITUB4
JPSA3
KLBN11
LAME3
MAGG3
BEEF3
OMGE3
RAPT4
SULA11
SUZB3
TRPL4
VLID3
VVAR3

Uso https://t.co/e9QdFtUAPS",1125208716213653504,1,0
51,2019-05-02 20:57:22,zehneckel,"11:00 IRB RESSEGURO (IRBR3): https://t.co/vWSGnEjaXq

11:00 LINX (LINX3):  https://t.co/XIkkekX94b

11:30 ITAU (ITUB4): https://t.co/huYUXxQlpY",1124055299856510994,0,0
52,2019-05-02 21:55:27,leiamoneytimes,#IRBR3 Lucro do IRB salta 38% no primeiro trimestre de 2019 https://t.co/f5a9Ed9Qpo,1124069919476391937,1,2
53,2019-04-24 12:50:02,alfredomartini,$IRBR3 - (IRBR3) - LEILAO DE  IRBBRASIL REON      NM ATE  10:05:00 HS https://t.co/yvfe89i4ZC,1121033558045483008,0,0
54,2019-05-01 22:55:16,zehneckel,"*Resultados 1T19 Amanh√£*
üåû KLABIN (KLBN11).
üåö IRB RESSEGURO (IRBR3).
üåö NATURA (NATU3).
üåö ITAU (ITUB4).
üåö ODONTOPREV (ODPV3).
üåö LINX (LINX3).

*Teleconfer√™ncias*
11:00 CYRELA COMMERCIAL PROPERTIES (CCPR3): https://t.co/MnfZOk91HJ",1123722585471164418,4,0
55,2019-05-04 00:18:12,jlucianomds,"@mfbohm Hoje minha posi√ß√£o em irbr3 superou 100%, em 11 meses. Vlw equipe do MAB.",1124468228984573952,5,0
56,2019-05-03 09:02:54,fernandoalves78,@mfbohm Daqui a pouco ele compra IRBR3. S√≥ uma tal de previd√™ncia passar,1124237887703273472,1,0
57,2019-05-06 01:30:52,WallFigueiredo,"Rastreamento de #a√ß√µes : SEMANAL

Volume financeiro &gt;1,5 x MM21 SEM (29/04 a 03/05/19)
ENEV3
FIBR3
HGCR11
KNCR11
HYPE3
IRBR3
JSLG3
KLBN11
BEEF3
PMAM3",1125211295559630853,0,0
58,2019-04-24 00:43:34,Oneuboneub,"@lellisvieira @mfbohm Mas ele recomendou irbr3 em 40,00 hj t√° em 94. Qual o seu medo de ele falar aqui no Twitter sobre ela a essa altura do campeonato? Ainda pode resultar nuns sardinhas entrando e a a√ß√£o subindo ainda mais.",1120850734449340416,2,0
59,2019-04-24 00:43:34,capmtavares,"@mfbohm Resumo:  Soros explica BIDI4, mas Buffet n√£o entende. Disrup√ß√£o ainda n√£o tem pre√ßo justo. Skin in the game:  meu portfolio 12,3% x 9,1% Ibov, com IRBR3, BIDI4 e MGLU3...",1120850736970194944,4,0
60,2019-05-03 00:01:44,leiamoneytimes,#IRBR3 IRB divulga proje√ß√µes para 2019 https://t.co/3F3l5jw1rt,1124101698891522049,5,1
61,2019-04-23 17:02:42,mfbohm,Que gr√°fico lindo. IRBR3. Hihg hist√≥rico. Rumo aos R$ 120. üöÄüöÄüöÄ #melhoresacoes #MAB https://t.co/stP6v8C6Q4,1120734755119669248,140,4
62,2019-05-03 14:24:29,rickevivian,Ser√° que chega nos R$ 100 IRBR3? @empiricus https://t.co/wjEjKT9w9P,1124318816375312387,0,0
63,2019-05-02 22:52:02,alfredomartini,$IRBR3 - IRBBRASIL RE (IRBR-NM) - Fato Relevante - 02/05/19 (R) https://t.co/GurUKJF5GZ,1124084160258355202,0,0
64,2019-05-02 19:50:47,topBovespa,Nova carteira do √çndice Bovespa tem entrada de a√ß√µes da Azul (#AZUL4) e do IRB (#IRBR3); Log (#LOGG3) sai https://t.co/nR05YyVn5t,1124038545872756739,2,0
65,2019-05-03 15:44:31,portiz1982,"@Pipors IRBR3 = T√çPICA EMPRESA WARREN BUFFET = GEICO... Se voc√™ conhecer a historia do Buffet, ent√£o vai entender esse pre√ßo da IRB3. abs",1124338960036241409,1,0
66,2019-05-03 09:46:00,leiamoneytimes,IRB divulga proje√ß√µes para 2019 https://t.co/3F3l5jw1rt #IRBR3 #Empresas,1124248733510770688,2,0
67,2019-05-02 17:31:30,FilipeVillegas,"#IRBR3 - IRB Brasil üáßüá∑ reporta resultado do 1TRI19 hoje ap√≥s fechamento do mercado.

‚Üó Esperamos crescimento de +34% do lucro, na compara√ß√£o anual. (R$ 340 milh√µes / ROE de 33,7%)

‚Üó Receita deve crescer +17%.

‚Üó Pr√™mio emitido, crescimento de +40,6%, pr√≥ximo de R$ 2 bilh√µes.",1124003494409703425,2,0
68,2019-05-02 21:13:06,alfredomartini,$IRBR3 - IRBBRASIL RE (IRBR-NM) - Ata Reuniao do Conselho de Administracao - 26/04/19 https://t.co/mDSNiJ47TV,1124059261250809872,0,0
69,2019-04-23 18:00:32,invistanecton,"IRBR3 - Call Grafista - Rodrigo Barreto, CNPI-T 
 
@RODRIGO74981623 
Sempre antes de investir confira o disclaimer: https://t.co/8Dyh6uAfnW                     

#ibovespa #a√ß√µes #swingtrade #mercadofinanceiro #Trader #analisegrafica #bolsadevalores #Necton #rodrigobarreto #IRBR3 https://t.co/LnE9SAI3Kb",1120749310512123905,2,1
70,2019-04-27 13:21:58,capmtavares,"@hbredda @InvestidorValor E pra pedir m√∫sica no Fant√°stico, long em IRBR3 com short em BBSE3 tamb√©m h√° mais de 1 ano. N√£o preciso de mais nada, s√≥ essas 3 boquinhas de jacar√© sorrindo pra mim. A m√∫sica √©... aceito sugest√µes. Ab√ß",1122128756263530498,1,0
71,2019-04-28 18:25:48,WallFigueiredo,"Rastreamento de #a√ß√µes : 

Volume financeiro &gt;1,5 x MM21 Graf Di√°rio - 26/04/19)
AMZO34
ANIM3
GBIO33
BOEI34
CESP3
HGTX3
CGAS5
CSMG3
DTEX3
FIBR3
THRA11
PORD11
FLRY3
FJTA4
GRND3
HYPE3
MEAL3
IRBR3
IVVB11
SPXI11
RENT3
LCAM3
LREN3
MAGG3
POMO4
BEEF3
MOVI3
TSLA34
UGPA3",1122567607486492673,0,0
72,2019-04-23 11:40:12,daltonvieira,"Prepare-se para o preg√£o de hoje. An√°lise - IBOV, WINM19, WDOK19, PETR4, VALE3, ODPV3, CRFB3, PRIO3, CSNA3, CMIG4, IRBR3 e BBAS3. Assista! https://t.co/yPdNlJIEDO",1120653596574527488,1,0
73,2019-04-25 10:12:59,BPMilhao,"@MateusC97628395 Por exemplo, quem investiu em IRBR3 triplicou o capital mas quem investiu em Cielo, reduziu capital. 
Se for comparar com FII, quem comprou XTED se deu mal em rela√ß√£o a quem comprou IRBR3 ou BIDI, neste caso as a√ß√µes bateram os FII",1121356421185069056,1,0
74,2019-04-24 00:35:00,capmtavares,"@mfbohm E assim vou surfando meus 12,3% de lucro YTD contra os 9,1% do Ibov. A diferen√ßa ?  IRBR3 e BIDI4, claro.",1120848579743055873,1,0
75,2019-05-04 22:23:10,InvestidorValor,"@Ccero20 @hbredda @leocruzeirao IRBR3
LREN3
WEGE3
...",1124801670217707521,1,0
76,2019-04-23 17:44:17,mfbohm,"As pessoas que shorteiam IRBR3 desde 60,00 sao as mesmas que shorteiam BIDI4 desde 30,00. Fazer o que? ü§∑üèª‚Äç‚ôÇÔ∏è",1120745220516323328,197,2
77,2019-05-06 01:19:53,WallFigueiredo,"Rastreamento de #a√ß√µes : Graf Di√°rio p/ 06/05/19, Analise se romper: 
CESP6 25,88
XPML11 108,26
IRBR3 100,36
JBSS3 20,79
MRVE3 14,59
MULT3 24,32
CSNA3 14,34

Volume financeiro &gt;1,5 x MM21 Graf Di√°rio - 02/05/19)
AZUL4
CPLE6
RLOG3
EGIE3
FIBR3
HGCR11
HGLG11
KNIP11
KNCR11",1125208529806270464,0,0
78,2019-05-03 19:56:24,alfredomartini,"$IRBR3 - (IRBR3)- ATENCAO PARA O CALL - PRECO R$  174,78 https://t.co/cwGjKoLCqi",1124402346967097344,0,0
79,2019-05-03 17:30:24,Pipors,Recebi um modelo DDM 2 stage de IRBR3 e entendi o que esta preco. No modelo trget era 97. Agora outra duvida: como uma empresa de resseguro consegue ter esse nivel de   ROE? No resto do mundo √© rf + 700/1000 bps. E super competitivo. https://t.co/HWOTYDo7J7,1124365604230762502,9,1
80,2019-05-03 09:40:01,leiamoneytimes,#IRBR3 Lucro do IRB salta 38% no primeiro trimestre de 2019 https://t.co/f5a9Ed9Qpo &gt;&gt;,1124247227529035777,1,0
81,2019-04-23 17:55:16,danielbrazzz,"Em Jan/19 eu tinha QUAL3 a 13,00, VALE3 a 47,00, SUZB3 a 35,00, IRBR3 a 87,00 e JBS a 9,00. 
Na primeira alta, vendi tudo.
Muitas vezes a m√° sorte vem disfar√ßada de boa sorte.",1120747984340303873,0,0
82,2019-04-23 18:44:07,portiz1982,@mfbohm Irbr3 vai a 200 reais tranquilo,1120760275584655360,1,0
83,2019-04-24 00:26:59,capmtavares,"@mfbohm Soros pode explicar IRBR3 e at√© BIDI4, mas Buffet pode n√£o entender.",1120846561951518722,0,0
84,2019-04-23 18:42:37,portiz1982,@mfbohm Irbr3 vai a 200 reais tranquilo,1120759900974481408,4,0
85,2019-05-03 12:14:01,alfredomartini,$IRBR3 - IRBBRASIL RE (IRBR-NM) - Apresentacao a analistas/agentes mercado - 03/05/19 https://t.co/0A58Qxv6sU,1124285985334935553,0,0
86,2019-04-23 03:33:31,GIBASAN2,@mfbohm @ProfRozendo Qdo sai resultado de IRBR3?,1120531117797457920,0,0
87,2019-05-03 20:11:43,andre_csn,"Qnd entrei no IPO de IRBR3, h√° 20 meses, paguei &lt;R$25 (descontando dividendos)

Honesto, nunca pensei q a empresa chegaria em R$100 em t√£o pouco tempo

Entrei p/ receber bons dividendos no LP: acredito no setor e na cia!

Por +caro P/E (x25); n vou me desfazer por ora",1124406201788325888,4,0
88,2019-05-02 12:59:58,RICCO_MENEZES,Pr√≥ximos 10 dias agitados no mercado com divulga√ß√£o de diversos importantes resultados trimestrais do 1‚Å∞ Trimestre de 2019. Particular interesse em #itub4 #abev3 #taee11 #irbr3 #lcam3‚Ä¶ https://t.co/1HivrXpj8M,1123935158984433666,0,0
89,2019-05-02 16:50:40,FilipeVillegas,"#AZUL4 e #IRBR3 confirmadas no Ibovespa para os pr√≥ximos quatro meses.

Nova carteira te√≥rica referente ao per√≠odo de: 6 de maio at√© 30 de agosto.

Com a entrada dos dois pap√©is, Ibovespa totalizar√° 66 ativos de 63 empresas.

Maiores participa√ß√µes: #ITUB4, #VALE3, #BBDC4 e #PETR4",1123993217005965313,3,0
90,2019-05-02 21:14:06,alfredomartini,$IRBR3 - IRBBRASIL RE (IRBR-NM) - Ata Reuniao do Conselho de Administracao - 26/04/19 https://t.co/9BuI7QTMOw,1124059511151632386,0,0
91,2019-05-02 14:15:48,AprendaComTC,$IRBR3: ENTRADA DA IRB BRASIL ON NO IBOVESPA CONFIRMADA EM TERCEIRA PR√âVIA DO √çNDICE,1123954242384015363,15,1
92,2019-05-06 01:30:40,WallFigueiredo,"Rastreamento de #a√ß√µes : SEMANAL p/ 06/05 a 10/05/19, Analise se romper: 

ALPA4 15,89
CPLE3 41,30
IRBR3 100,36
JPSA3 25,05
LIGT3 21,62
LCAM3 42,31
MGLU3 199,50
MULT3 24,44
RADL3 70,16
SBSP3 47,36",1125211242711400448,1,0
93,2019-04-26 11:30:53,lvaroFernandoP1,"@Gabriel78326382 @luizfalvesjr @fernandocluiz @guerradaniel10 Sou cotista do versa,  e n√£o comprei bidi4 e irbr3 por saber que o VERSA estava short,  por√©m essa a√ß√µes s√£o as que mais sobem na bolsa, espero que estejam certos no valueition.",1121738415375028224,2,0
94,2019-05-03 12:46:29,FilipeVillegas,"#IRBR3 - Mostrou novamente crescimento de volume e lucratividade. 

üìà Impulsionados por uma combina√ß√£o de fortes volumes de pr√™mios, menores despesas de aquisi√ß√£o e administrativas. 

üí∞ Lucro l√≠quido cresceu 38%, na compara√ß√£o anual, R$350 milh√µes, com ROE de 38,3% no trimestre",1124294153288994816,4,0
95,2019-05-02 21:15:12,alfredomartini,$IRBR3 - IRBBRASIL RE (IRBR-NM) - Comite de Auditoria Estatutario (CAE) - 26/04/19aa https://t.co/66DYsCjFak,1124059788000862208,0,0
96,2019-05-01 17:16:50,Austrux_Investi,Confira: Proventos pago por_ IRBR3 #IRBR3 Veja em: https://t.co/TLsUqnIfac #acoes #bovespa carona tag #Senna,1123637412935155712,0,0
97,2019-04-28 14:42:48,zehneckel,"Quinta: üåö IRB RESSEGURO (IRBR3), üåö NATURA (NATU3), üåö ITAU (ITUB4), üåö KLABIN (KLBN11), üåö ODONTOPREV (ODPV3). üåö LINX (LINX3).

Sexta: üåö TEGMA (TGMA3), üåû PORTO SEGURO (PSSA3).",1122511489439604744,2,0
98,2019-04-29 12:36:53,RICCO_MENEZES,Bom dia e boa semana a todos galerinha!! Agenda de Resultados Trimestrais desta semana!! Estou particularmente interessado em #CCRO3 #TRPL4 #SANB11 #IRBR3 E #RADL3 que graficamente est√°‚Ä¶ https://t.co/msDUZUl08k,1122842186771337217,0,0
99,2019-04-10 20:00:10,alfredomartini,"$IRBR3 - (IRBR3) - ATENCAO PARA O CALL - PRECO R$  58,50 https://t.co/mZpIqPx2Rk",1116068373157306370,0,0
100,2019-04-06 03:07:17,thbangel,"@uorrembife IRBR3, PRIO3 e TRPL4",1114363923019517952,4,0
101,2019-04-10 02:40:58,brunoboni,@JamesGBrasil @gpbfinance Sqia3 n√£o? IRBR3? BBSE?,1115806850182782976,2,0
102,2019-04-06 03:21:37,JoelBGomes,"@uorrembife Crpg5, irbr3, brsr6",1114367530821406721,2,0
103,2019-04-05 18:32:28,Elitpro,IRBR3 est√° caro na opini√£o de muitos desde 70. https://t.co/1XHG8ie3AH,1114234362223038464,1,0
104,2019-04-02 11:40:07,daltonvieira,"Prepare-se para o preg√£o de hoje. An√°lise - IBOV, WINJ19, WDOK19, PETR4, VALE3, IRBR3, PRIO3, ITUB4, ABEV3, GGBR4, ODPV3 e LCAM3. Assista! https://t.co/abxQNIINpK",1113043429804699648,0,0
105,2019-04-01 11:40:10,daltonvieira,"Prepare-se para o preg√£o de hoje. An√°lise - IBOV, WINJ19, WDOK19, PETR4, VALE3, IRBR3, PRIO3, CSNA3, SBSP3, LREN3 e JBSS3. Assista! https://t.co/fwA2UfxNFT",1112681055834816513,2,0
106,2019-04-05 12:57:02,alfredomartini,$IRBR3 - (IRBR3) - LEILAO DE  IRBBRASIL REON      NM ATE  10:05:00 HS https://t.co/kvQiT5VvnC,1114149949384601600,0,0
107,2019-04-06 03:19:33,mariana_zanutto,@thbangel @uorrembife IRBR3 https://t.co/M4xoWQeXzE,1114367007414263811,2,0
108,2019-04-05 12:27:22,alfredomartini,"$IRBR3 - Bom dia, Investidor! 05 de abril de 2019 https://t.co/j0H0fq1dnc",1114142482407809024,0,0
109,2019-04-22 15:27:26,selusava,"IRBBRASIL RE ON - IRBR3 - IRB - BRASIL RESSEGUROS S.A.
ENQUANTO SE ESPERA pETROBRAS
 PETR4 https://t.co/ZqpLhXKDpp",1120348393539293186,1,0
110,2019-04-03 11:40:08,daltonvieira,"Prepare-se para o preg√£o de hoje. An√°lise - IBOV, WINJ19, WDOK19, PETR4, VALE3, PRIO3, ABEV3, IRBR3, BBAS3, PSSA3, MGLU3 e VVAR3. Assista! https://t.co/jO9o1pGwPm",1113405822938361857,0,0
111,2019-04-05 18:51:53,RubensSciotti,@PedroCerize @clubequantian Todo o mundo s√≥ fala em irbr3. Eu desconfio.,1114239250705391616,1,0
112,2019-03-29 19:58:13,alfredomartini,"$IRBR3 - (IRBR3) - ATENCAO PARA O CALL - PRECO R$  150,00 https://t.co/UN7MBlYih0",1111719226715320321,0,0
113,2019-04-09 21:53:01,alfredomartini,$IRBR3 - IRBBRASIL RE (IRBR-NM) - Comite de Auditoria Estatutario (CAE) - 01/04/19aa https://t.co/fvATRiAQLF,1115734384731205632,0,0
114,2019-04-07 17:41:26,WallFigueiredo,"Rastreamento de #a√ß√µes : SEMANAL p/ 08 a 12/04/19, Analise se romper: 

BBSE3 28,19
BKBR3 23,73
BBAS3 49,93
CESP6 25,82
IRBR3 94,74
BOVA11 94,24
BOVV11 97,39
PIBB11 166,55
JHSF3 2,65
AMAR3 7,68
MRVE3 14,30",1114946298556362752,4,0
115,2019-04-01 20:26:32,daltonvieira,"An√°lise - IBOV, WINJ19, WDOK19, PETR4, VALE3, IRBR3, PRIO3, ITUB4, ABEV3, GGBR4, ODPV3 e LCAM3. Assista! https://t.co/abxQNIINpK",1112813520134004738,0,0
116,2019-04-02 16:43:04,crisinveste,AZUL4 e IRBR3 entraram na 1a pr√©via do Ibovespa! Quando as a√ß√µes entram - de fato - pro √≠ndice h√° maior demanda de compra pelas a√ß√µes pelos fundos que seguem o √≠ndice e as a√ß√µes podem ser‚Ä¶ https://t.co/2g59YU4ezX,1113119667709792257,2,0
117,2019-04-05 21:50:39,reurope_stock,IRB-Brasil Resseguros S.A. $IRBR3 Rise 3.31% on Apr 5 https://t.co/ZJ2UKhAicR,1114284239284068352,0,0
118,2019-04-03 20:42:03,daltonvieira,"An√°lise - IBOV, WINJ19, WDOK19, PETR4, VALE3, ABEV3, IRBR3, LREN3, MRFG3, BBDC4, JBSS3 e GGBR4. Assista! https://t.co/YMuXQuSGQj",1113542199394930689,0,0
119,2019-04-01 11:41:50,FilipeVillegas,"AZUL (AZUL4), IRB (IRBR3), INCLU√çDAS, LOG (LOGG3) EXCLU√çDA DA 1¬™ PR√âVIA DO IBOVESPA",1112681473222557701,1,0
120,2019-03-29 21:01:32,daltonvieira,"An√°lise - IBOV, WINJ19, WDOK19, PETR4, VALE3, IRBR3, PRIO3, CSNA3, SBSP3, LREN3 e JBSS3. Assista! https://t.co/fwA2UfxNFT",1111735164076478467,1,0
121,2019-03-30 23:40:04,daltonvieira,"An√°lise Semanal - IBOV, WINJ19, WDOK19, PETR4, VALE3, IRBR3, PRIO3, CSNA3, SBSP3, LREN3 e JBSS3. Assista! https://t.co/fwA2UfxNFT",1112137447582957568,1,0
122,2019-04-04 12:04:02,ADVFNBrasil,"An√°lise ‚Äì IBOV, WINJ19, WDOK19, PETR4, VALE3, IRBR3, LREN3 e BBDC4 https://t.co/GmKMAAj6rz",1113774224143998977,1,0
123,2019-04-03 18:24:10,__ice9,"@realDharmakirti I made some ~30% HClO3 to try for an alternate path to the chlorides as well, or perhaps even chlorates themselves.  I also made azeotropic HBr, but I am skeptical that it would react appreciably without including a strong oxidizer likewise.  IrBr3/4 usually not made directly.",1113507499305517057,0,0
124,2019-04-10 22:58:01,alfredomartini,"$IRBR3 - IRBBRASIL RE (IRBR-NM) - VM Posicao Individual (Cia,Controladas e Coligadas) https://t.co/ZBLhMVM7Dj",1116113130822746113,0,0
125,2019-04-09 21:52:01,alfredomartini,$IRBR3 - IRBBRASIL RE (IRBR-NM) - Ata Reuniao do Conselho de Administracao - 01/04/19 https://t.co/3FnHV2aIaK,1115734134192779264,0,0
126,2019-04-05 13:50:47,uorrembife,N√£o sei o que me deixa mais feliz na bolsa: o trio #SQIA3 #LINX3 #TOTS3 ou o trio #PSSA3 #SULA11 #IRBR3 ü§©,1114163474215653376,15,0
127,2019-04-10 19:28:02,alfredomartini,$IRBR3 - (IRBR3) - CANCELADA OFERTA DE IRBBRASIL REON      NM DEVIDO ERRO OPERACIONAL https://t.co/9XDyjo9zlW,1116060286019043328,0,0
128,2019-04-02 20:52:04,daltonvieira,"An√°lise - IBOV, WINJ19, WDOK19, PETR4, VALE3, PRIO3, ABEV3, IRBR3, BBAS3, PSSA3, MGLU3 e VVAR3. Assista! https://t.co/jO9o1pGwPm",1113182330821148675,3,0
129,2019-04-22 20:26:30,daltonvieira,"An√°lise - IBOV, WINM19, WDOK19, PETR4, VALE3, ODPV3, CRFB3, PRIO3, CSNA3, CMIG4, IRBR3 e BBAS3. Assista! https://t.co/yPdNlJIEDO",1120423654679031808,2,0
130,2019-04-01 18:48:29,Codigo_DaVinci,"@renanbschmidt @correcorrupt @helocruz Pois ent√£o, j√° tentei seguir os pre√ßos de compra e venda da Suno Research e cheguei ao ponto de ficar um ano sem aportar na IRBR3! No sistema do Bastter, considerando que as compras s√£o mensais em poucos lotes, o pre√ßo m√©dio vai diluindo e n√£o precisa de ‚Äúvaluation‚Äù",1112788842027868160,3,0
131,2019-04-10 20:08:02,alfredomartini,$IRBR3 - (IRBR3) CANCELADA OFERTA DE IRBBRASIL REON      NM DEVIDO ERRO OPERACIONAL https://t.co/dWrgtkstwE,1116070351413370880,0,0
132,2019-04-10 19:59:03,alfredomartini,"$IRBR3 - (IRBR3) - ATENCAO PARA O CALL - PRECO R$  58,50 https://t.co/b3XbowBd91",1116068091866353665,0,0
133,2019-04-06 03:18:40,mariana_zanutto,"@uorrembife IRBR3, BIDI4 e BBAS3.",1114366787418763265,2,0
134,2019-04-04 11:40:08,daltonvieira,"Prepare-se para o preg√£o de hoje. An√°lise - IBOV, WINJ19, WDOK19, PETR4, VALE3, ABEV3, IRBR3, LREN3, MRFG3, BBDC4, JBSS3 e GGBR4. Assista! https://t.co/YMuXQuSGQj",1113768207553310720,1,0
135,2019-03-31 12:13:09,WallFigueiredo,"Rastreamento de #a√ß√µes : Graf Di√°rio p/ 01/04/19, Analise se romper: 
ABCB4 19,30
ALPA4 15,42
BBDC4 43,05
BRAP4 32,08
BRFS3 23,11
BPAC11 36,29
CESP6 24,50
ELET3 37,17
BRCR11 96,83
GGRC11 133,13
VISC11 110,27
XPML11 108,06
IRBR3 91,48
SPXI11 115,51
RENT3 33,37",1112326967003623425,0,0
136,2019-04-10 19:26:45,sergiosanita,Lindo Power Breakout de Venda em #IRBR3 no 15min https://t.co/rNPS11rvuM,1116059963988881408,19,1
137,2019-04-09 19:26:00,mfbohm,@JamesGBrasil @gpbfinance IRBR3 e BIDI4 mostrando que tem IPO recente bom no mercado.,1115697387312427009,18,0
138,2019-04-09 19:27:10,memolitinho,@mfbohm @JamesGBrasil IRBR3 √© uma m√°quina. Bem lembrado!,1115697680246812673,4,0
139,2019-04-10 22:57:01,alfredomartini,"$IRBR3 - IRBBRASIL RE (IRBR-NM) - VM Posicao Individual (Cia,Controladas e Coligadas) https://t.co/Qgty2tyjBp",1116112878644416512,0,0
140,2019-04-05 14:11:33,InvestidorDefe1,"@uorrembife dessa lista PSSA3 e IRBR3
Minhas favoritas UNIP6, LCMA3 e agora d√∫vida cruel QGPE3 ou PRIO3, acho que fico com PRIO3.",1114168703933997057,3,0
141,2019-04-06 16:35:30,heliofaret,"Petrobras (PETR4) 25%
Banco do Brasil (BBAS3) 25%

O resto a gosto:

Suzano (SUZB3)
Braskem (BRKM5)
Ita√∫ Unibanco (ITUB4)
P√£o de A√ß√∫car (PCAR4)
IRB Brasil Resseguros (IRBR3)
Rumo (RAIL3)
B3 (B3SA3)
Bradesco (BBDC4)
JSL (JSLG3)
Lojas Renner (LREN3)",1114567314530340865,1,0
142,2019-04-05 18:37:01,alfredomartini,$IRBR3 - IRB sobe quase 3% com Morgan Stanley iniciando cobertura das a√ß√µes https://t.co/PxwIh2Gn2d,1114235510979952640,0,0
143,2019-04-05 16:25:44,leiamoneytimes,#IRBR3 IRB sobe quase 3% com Morgan Stanley iniciando cobertura das a√ß√µes https://t.co/LgtYnPcwI0,1114202468655796225,4,0
144,2019-04-10 02:03:18,j_henrique_,@JamesGBrasil IRBR3 foi muito bom tamb√©m.,1115797372372750337,1,0
145,2019-03-31 21:16:43,eduardokasper,@all_in_bitch E IRBR3 ?,1112463759463927811,0,0
146,2019-04-12 15:53:02,Ccero20,"@hbredda @PhilNeurosis Ol√° Bredda. 
O Alaska institucional ta levando uma surra esse ano hein! perdendo pra v√°rios na XP de a√ß√µes. 
Tem coisas boas em oferta a√≠ pra melhorar:
brdt3 fesa4 irbr3 ciel3 hapv3 tupy3 hype3 slce3... 
abs.",1116730956998696960,2,1
147,2019-04-10 19:55:16,Bushwacker__,"@ffferba sim, tem v√°rios exemplo de IPO que subiram muito. BIDI3 e IRBR3 s√£o os mais recentes, por√©m, na m√©dia, eles underperformam o mercado.",1116067139155263496,1,0
148,2019-04-12 16:16:14,InvestWolf,"@drjoseleandro Eu preciso / quero coloca + 1 a√ß√£o na minha carteira.  Esto estudando RADL3, IRBR3 e B3SA3.
IRBR3 e B3SA3 s√£o dois monop√≥lios em suas √°reas conta um empresa que s√≥ vejo concorrente brotando em tudo que √© lugar.",1116736792806547458,0,0
149,2019-03-26 02:46:49,edu_supercanal,"@hbredda Irbr3, suzb3, petr4, brkm5, brdt3, itsa4...e muita oibr3 pq sei q impossivel dar errado. Trabalho nisto",1110372504344973312,0,0
150,2019-03-07 19:34:20,gui_ebaid,@Allan6891 @mfbohm Comentamos no Day One. A queda est√° associada a not√≠cia de uma poss√≠vel venda da posi√ß√£o do BB Seguros na companhia. Seguimos confiantes em IRBR3!,1103740684580859904,1,0
151,2019-03-26 21:45:08,alfredomartini,$IRBR3 - IRBBRASIL RE (IRBR-NM) - Ata Reuniao do Conselho de Administracao - 25/03/19 https://t.co/rknM5qhi5m,1110658972485328904,0,0
152,2019-03-16 01:07:39,mmahotstuff1,IRB-Brasil Resseguros S.A. $IRBR3 Plunged -1.02% on Mar 15  https://t.co/ZChsd0DUNd,1106723670171492352,0,0
153,2019-03-09 18:49:23,WallFigueiredo,"Rastreamento de #a√ß√µes : SEMANAL  Curta a√≠

Volume financeiro &gt;1,5 x MM21 SEM (06 a 08/03/19) Curta a√≠
FESA4
FIBR3
TRXL11
IBOV11
IRBR3
ITSA3
SEDU3",1104454149838700545,4,0
154,2019-03-15 03:35:25,detonivalores,@alexandregov Esta bem! Abs ai vc vii irbr3 vai pagar um dividendo gordo quase 1.90 por a√ß√£o!,1106398470859096065,0,0
155,2019-03-10 19:08:09,LeiaFinanceNews,"Estudo semanal do Ibovespa, Petr4, Vale3, Btow3, Cyre3, Estc3, Krot3, Irbr3, Rapt4 e de outros pap√©is - Finance News https://t.co/j7P63izhCC",1104821260025057281,0,0
156,2019-03-09 00:34:19,Elitpro,Quem aproveitou o desespero de ontem em IRBR3 pra comprar?,1104178567573893123,1,0
157,2019-03-11 11:12:04,leiamoneytimes,"#IRBR3 IRB: N√£o √© prov√°vel que BB venda a√ß√µes no curto prazo, diz Ita√∫ BBA https://t.co/70vd3xwK1l",1105063837185773568,1,0
158,2019-03-08 21:00:28,_leandrocsantos,"@hbredda IRBR3, ABEV3",1104124747800080385,3,0
159,2019-03-09 12:04:26,CrisPicollo,@hbredda IRBR3?,1104352241237012481,2,0
160,2019-03-27 19:21:25,InvestWolf,"O mundo pode acabar na bolsa, mas parece que a IRBR3 n√£o est√° nem a√≠. 
Cai filha, cai que o papai aqui pega vc la no fundo..... https://t.co/rf4ex6iubd",1110985192129396736,1,0
161,2019-03-13 23:14:56,brunoemanoel81,"@_BarbaraBB_ Vc acha que o pessoal dos emp√≠ricos , com suas indica√ß√µes s√£o hj j√° respons√°veis por algum movimento do mercado ?  Por exemplo : eles indicando IRBR3 , foram respons√°veis ao menos em parte pelo aumento do valor da a√ß√£o ??",1105970528509149184,0,0
162,2019-03-07 19:24:28,chrinvestor,"Banco do Brasil quer vender a√ß√µes da IRB... Warren Buffett quer comprar... 
quanto tempo voc√™ leva para escolher do lado de quem quer ficar ?
#IRBR3",1103738202060476417,6,0
163,2019-03-21 21:26:01,alfredomartini,$IRBR3 - IRBBRASIL RE (IRBR-NM) - Mapa final de votacao - AGO/E - 14/03/19 (R) https://t.co/vKPlXaE47c,1108842220596199424,0,0
164,2019-03-22 15:45:42,invistanecton,"IRBR3 - Call Grafista -  Rodrigo Barreto, CNPI-T 
 
@RODRIGO74981623 
Sempre antes de investir confira o disclaimer: https://t.co/8Dyh6uAfnW          

#call #ibovespa #a√ß√µes #swingtrade #mercadofinanceiro #Trader #analisegrafica #bolsadevalores #Necton #rodrigobarreto #IRBR3 https://t.co/o1mY1iQDyF",1109118965442400257,2,2
165,2019-03-23 21:53:45,WallFigueiredo,"Rastreamento de #a√ß√µes : Graf Di√°rio p/ 25/03/19, Analise se romper: 
BZLI11 14,72
IRBR3 90,18
SPXI11 115,29
PFRM3 4,70
RADL3 66,67
RNEW4 10,21
RNEW11 30,33
VIVT4 48,12
TOTS3 38,45",1109573974910996480,1,0
166,2019-03-07 23:05:14,Angelo12705425,@hbredda Irbr3,1103793760717156359,0,0
167,2019-03-12 23:49:05,salasemsala,@Tiagogreis IRBR3,1105616734181040134,0,0
168,2019-03-13 00:40:59,thbangel,@Tiagogreis IRBR3,1105629793893138433,5,0
169,2019-03-09 01:42:19,10Gladiator,@oba_sergio @hbredda IRBR3,1104195678018957312,0,0
170,2019-03-14 00:42:15,kreviewer1,IRB-Brasil Resseguros S.A. $IRBR3 Decline -1.02% on Mar 13 https://t.co/xbx4ti2QxH,1105992501352120321,0,0
171,2019-03-09 18:37:52,WallFigueiredo,"Rastreamento de #a√ß√µes : Graf Di√°rio 
 
Volume financeiro &gt;1,5 x MM21 Graf Di√°rio - 08/03/19) (curtam a√≠)
ALSC3
ALPA4
CAML3
CCRO3
CPLE3
RLOG3
CVCB3
EZTC3
FESA4
FIBR3
HGLG11
FJTA4
IBOV11
PARD3
IRBR3
ITSA3
JPSA3
KLBN11
KROT3
AMAR3
MGLU3
MAGG3
RADL3
SEDU3
TRPL4
TRIS3
VLID3
WSON33",1104451249607450625,2,0
172,2019-03-12 00:26:57,kreviewer1,IRB-Brasil Resseguros S.A. $IRBR3 Plunged -0.11% on Mar 11 https://t.co/jcy8zJPfQb,1105263876122267648,0,0
173,2019-03-11 20:46:33,CapitalFinancas,"A an√°lise gr√°fica funciona?

Como explicar o respeito a esses suportes em Ibovespa e em IRBR3? Mera coincid√™ncia? https://t.co/IMl38R0UUx",1105208411619295232,5,4
174,2019-03-07 15:35:01,jeduoliveira,"@PedroCerize Pra mim perdeu, o dinheiro ficou parado e dependendo do tempo, pois o poder de compra foi atropelado pela inflacao. Estou nesse embate com IRBR3, vender ou n√£o vender? üëÄ",1103680460260065281,0,0
175,2019-03-13 00:39:18,amaurifcass,@Tiagogreis IRBR3üèÜüèÜ,1105629373690986496,2,0
176,2019-03-22 20:19:32,InvestidorDefe1,Na minha carteira hoje s√≥ IRBR3 E SUZB3 ficaram no azul. L√° se foi a valoriza√ß√£o de mar√ßo... Mas como dizem no Sul : segue o baile,1109187879127920640,2,0
177,2019-03-22 21:05:02,alfredomartini,$IRBR3 - IRBBRASIL RE (IRBR-NM) - Apresentacao a analistas/agentes mercado - 20/03/19 (R) https://t.co/3aDDVhayEO,1109199330534219777,0,0
178,2019-03-08 16:02:09,RubensSciotti,"@luizfalvesjr Compra irbr3, deu uma barateada.",1104049674837786624,4,0
179,2019-03-21 16:28:21,BaitTheMuppet,"Squadra SHORT IRB (#IRBR3) nos 5,4x P/B 12-mo forward - que (ainda) demonstra fundamentos extremamente fortes; e ainda LONG Banco Inter (#BIDI4) nos 4,7x P/B - que seria um short bem mais √≥bvio??? Explica essa! https://t.co/2SK5dE5PWR",1108767311249457153,0,0
180,2019-03-20 22:20:03,alfredomartini,$IRBR3 - IRBBRASIL RE (IRBR-NM) - Aviso aos Acionistas - 20/03/19 https://t.co/EtABHjZDIU,1108493430970290176,0,0
181,2019-03-09 12:02:53,CrisPicollo,"@hbredda IRBR3? Empresa muito bem administrada, l√≠der de mercado.",1104351851527442437,0,0
182,2019-03-08 17:44:28,antunescp,@hbredda IRBR3... üòé,1104075423321870336,0,0
183,2019-03-09 18:36:16,WallFigueiredo,"Rastreamento de #a√ß√µes : Graf Di√°rio p/ 11/03/19, Analise se romper:  (curtam a√≠)
TIET11 11,50
ALSC3 20,34
ALPA4 20,43
ALUP11 22,55
BTOW3 50,02
BRSR6 24,79
BBAS3 52,48
BPAC11 32,94
HGTX3 31,73
CPLE6 35,82
RLOG3 15,74
DIRR3 8,93
EQTL3 83,25
ESTC3 28,17
IRBR3 91,33
SMAL11 94,22",1104450847386279938,3,0
184,2019-03-21 21:24:01,alfredomartini,$IRBR3 - IRBBRASIL RE (IRBR-NM) - Ata da AGO/E - 14/03/19 (R) https://t.co/ZuLBSPs7Do,1108841717564878856,0,0
185,2019-03-15 02:32:34,luzdanet8,"IRBR3 - IRBBRASIL RE ON dividendos  
aprov 14/3/2019 dataex 22/3/2019  pagto 30/4/2019 
IRBR3 R$1,88810838799 https://t.co/co2Eh53jpD",1106382650514833410,2,0
186,2019-03-14 16:59:11,buyandhold1,@gusmaran Mesma sensa√ß√£o de quem entrou short em irbr3.,1106238354004369408,0,0
187,2019-03-21 14:54:56,antunescp,@THIAGOSALOMAO J√° comprou as suas IRBR3?? Pode ser a √∫ltima oportunidade abaixo dos 100 hein ü§£,1108743803979091968,1,0
188,2019-03-10 18:47:15,antunescp,@hbredda Vai de irbr3 üòèüòéüáßüá∑,1104816000141328387,0,0
189,2019-03-08 21:06:36,chrystianoarra1,@moises_beida @hbredda IRBR3,1104126293698854912,3,0
190,2019-03-21 10:05:17,eldosantos,"@leosiqueira86 @empiricus Tem tamb√©m GUAR4, RAIL3, BIDI4, CVCB3, IRBR3, BRKM5, CARD3, SNSL3,... S√≥ lembrando r√°pidos dos calls que me trouxeram alegrias gra√ßas √† indica√ß√µes deles.",1108670908753825793,6,0
191,2019-03-13 03:31:11,selusava,"IRBBRASIL RE ON - IRBR3 - IRB - BRASIL RESSEGUROS S.A.
#LI https://t.co/aXBQ3Xm6oh",1105672628323246080,1,0
192,2019-03-09 13:31:42,fabiofocus,@hbredda Dessas o Alaska s√≥ n√£o tem IRBR3. Algu√©m acertou ? √â commodities ? https://t.co/apv75rOGYR,1104374202063294464,0,0
193,2019-03-20 21:10:04,alfredomartini,$IRBR3 - IRBBRASIL RE (IRBR-NM) - Apresentacao a analistas/agentes mercado - 20/03/19 https://t.co/M9LJtyVK7N,1108475820010586113,0,0
194,2019-03-11 20:54:05,antunescp,"@joao_piccioni @mfbohm IRBR3, uma empresa que ganha dinheiro de cliente que fazem de tudo para n√£o usarem o servi√ßo da empresa ü§£",1105210308161925121,1,0
195,2019-03-15 21:01:03,alfredomartini,$IRBR3 - IRBBRASIL RE (IRBR-NM) - Ata da AGO/E - 14/03/19 (R) https://t.co/0EyuhQ7MWJ,1106661608934309888,0,0
196,2019-03-21 12:00:21,alfredomartini,$IRBR3 - IRBBRASIL RE (IRBR-NM) - Aviso aos Acionistas - 20/03/19 (N) https://t.co/BkuJPtTBJh,1108699864563703809,0,0
197,2019-03-09 00:28:14,Traderzone_br,@hbredda IRBR3,1104177034731884544,0,0
198,2019-03-06 12:07:17,Cadu1971Alves,"@Tiagogreis 90 vc enfia na Irbr3 e 10 vc joga no bixo no seu animalzinho preferido vai dar 100 vezes mais alegria eu garanto !!
#correeeeeeee",1103265795323428865,1,0
199,2019-02-27 15:12:29,WagSfc,"@jlbraga @daltozo @cahungriadib @PoubelLeonardo @j_camargo_nyc @EduardoGuedesC2 @gigzsss @hbredda @femisapien_z @JordanFariaLima @_BarbaraBB_ @PedroCerize @sf2invest @mariana_zanutto @Pipors @jacinto1rego @thiagocamargo @YodaSapiens_29 @rosa_riscala @lcmbarros @rationalexpec @stdeviation_ @VOC_75 @Mczein @dondomenico1940 @tancredoeduardo @brenorb @datonetto @mineiro_edson @Frases_RCampos @gpbfinance @d_delabio @JamesGBrasil @gilbertoborca @RaphaFigueredo @sergiosanita @victorytrader88 @ColunaFabioAlve @SGCFlavio @zeroe100 @moises_beida @Dalberini @luizfalvesjr @tuesdaycaplet @IVANKRAISER @helocruz @CarlosBolsonaro @jairbolsonaro @BolsonaroSP @FlavioBolsonaro Pauta do dia:

Seria IRBR3 a nova black box da bolsa?
Tem gente que shorteou l√° nos 40 com esse racional. 

Postei e sa√≠ correndo.",1100775684169965569,8,0
200,2019-02-25 23:06:15,opaizao,"@luizfalvesjr @mariliadf2 hehehe, cara, quando olho IRBR3 eu lembro de vcs .... ainda short?",1100170139104878592,2,0
201,2019-02-20 14:41:46,edutoigo,Essa azedada do mercado me stopou em IRBR3. 4% de lucro em 10 dias,1098231238509453312,0,0
202,2019-02-25 15:33:13,AprendaComTC,"$IRBR3: IRB tem demanda em dobro para follow-on; pre√ßo sai na ter√ßa-feira (Valor)

https://t.co/InBHQPcNXr",1100056128661188609,6,0
203,2019-02-18 16:40:01,girleybatera,"@luizfalvesjr @FundoVersa sonho de ver√£o, comprado em Irbr3 h√° 1 ano!",1097536221948137472,0,0
204,2019-02-18 14:33:18,chrinvestor,"A oferta de a√ß√µes anunciada pela IRB Brasil na semana passada, deve ter um ilustre participante: a Berkshire Hathaway de Warren Buffett.
A empresa vai vender os papeis detidos pela FGEduc. S√£o cerca de R$2,5 Bi, 8,9% do capital.
Interesse do guru vem de longa data. #IRBR3",1097504333803999233,4,0
205,2019-02-28 19:31:02,alfredomartini,$IRBR3 - PROCEDIMENTOS NOS INDICES EM FUNCAO DA OFERTA PUBLICA SECUNDARIA DE ACOES DA EMPRESA IRB - BRASIL https://t.co/xdivoboY9L,1101203141368909826,0,0
206,2019-02-18 19:27:22,therezafontoura,"@eikebatista Infomoney diz q se as perspectivas para a resseguradora IRB (IRBR3) j√° eram positivas, ainda mais na esteira de resultados que animaram o mercado ao mostrar uma hist√≥ria de crescimento da receita e rentabilidade, o cen√°rio se apontou ainda mais positivo com os",1097578336514162696,0,0
207,2019-02-18 00:18:25,portiz1982,@mfbohm Irbr3 vai a 200 reais tranquilo...m√°quina de fazer dinheiro...melhor empresa da bolsa,1097289195763183617,2,0
208,2019-02-26 23:08:51,Alexand50771324,@hbredda S√≥ uma IRBR3,1100533181277790208,1,0
209,2019-02-26 12:55:41,mfbohm,Olha o IRB (IRBR3) no radar do velhinho... ta chegando a hora.. #MAB #melhoresacoes https://t.co/S8MygDXylC,1100378869226524672,38,1
210,2019-02-27 13:23:27,BrazilJournal,EXCLUSIVO: A Squadra est√° short no IRB   https://t.co/H5kgpJDI40  #IRBR3 https://t.co/3aOZah1RYg,1100748246937493506,24,5
211,2019-02-27 11:37:05,alfredomartini,$IRBR3 - IRBBRASIL RE (IRBR-NM) - Fato Relevante - 26/02/19 https://t.co/IfuIYmTKfm,1100721480319598592,0,0
212,2019-02-27 21:02:02,alfredomartini,"$IRBR3 - (IRBR3) - ATENCAO PARA O CALL - PRECO R$  77,01 https://t.co/ntqyCYpFP0",1100863652255670272,0,0
213,2019-02-18 10:26:20,CadujrCarlos,@CapivaraTrader https://t.co/npxJUIUwtJ para os vendidos em Irbr3 o choro √© livre ü§£ü§£ü§£,1097442181265145857,1,0
214,2019-02-21 21:00:15,alfredomartini,"$IRBR3 - (IRBR3) - ATENCAO PARA O CALL - PRECO R$  160,01 https://t.co/lncU322wYp",1098688875499843584,0,0
215,2019-02-28 21:13:07,alfredomartini,$IRBR3 - IRBBRASIL RE (IRBR-NM) - Proposta da Administracao para AGO/E - 14/03/19 (R) https://t.co/bJjpcxFyGh,1101228828800765953,0,0
216,2019-02-21 21:03:04,alfredomartini,"$IRBR3 - (IRBR3) - ATENCAO PARA O CALL - PRECO R$  139,00 https://t.co/wVBjuLy8ob",1098689584521793537,0,0
217,2019-02-22 21:30:09,alfredomartini,$IRBR3 - IRBBRASIL RE (IRBR-NM) - Proposta da Administracao para AGO/E - 14/03/19 (R) https://t.co/0b4bXGizY5,1099058788060090368,0,0
218,2019-03-07 12:34:20,toroinvest,"No Brasil, o mercado segue repercutindo mal as pol√™micas do presidente Jair Bolsonaro no Twitter. Destaque tamb√©m para a poss√≠vel venda da participa√ß√£o da BB Seguridade (BBSE3) na IRB Brasil (IRBR3),",1103634990598971393,1,0
219,2019-02-27 12:56:36,flaviogcmelo,"@hbredda ITUB4, FLRY3, B3SA3 e IRBR3",1100741491411091456,2,0
220,2019-02-18 13:11:54,portiz1982,"@mfbohm Mesmo sem a BH, IRBR3 vai a R$ 200 naturalmente.",1097483848118603776,3,0
221,2019-02-18 12:41:51,portiz1982,@daltozo IRBR3 vai a R$ 200 naturalmente...n√£o precisa da BH,1097476285994012673,2,0
222,2019-02-20 21:10:07,alfredomartini,$IRBR3 - IRBBRASIL RE (IRBR-NM) - Edital de Convocacao de AGO/E - 14/03/19 (N) https://t.co/hIK11biGDz,1098328970368552962,0,0
223,2019-02-26 22:23:36,luzdanet8,"@hbredda √â MUITA OUSADIA RESPONDER A SUA EMINENCIA O GESTOR DO ANO, MAS L√Å VAI: ENGIE3 , SUZB5, BPCA11, IRBR3, EMPRESA DO EIKE LIGADA A EXPLORA√á√ÉO DO GRAFENO .UMA VAI DE BRINDE.",1100521792844779521,2,0
224,2019-02-16 17:27:30,WallFigueiredo,"Rastreamento de #a√ß√µes : SEMANAL 
Volume financeiro &gt;1,5 x MM21 SEM (11 a 15/02/19)
ALSC3
ANIM3
BPAN4
BBSE3
BBAS3
BPAC11
CPFE3
DTEX3
ENBR3
ESTC3
FIBR3
BCFF11
XPML11
GFSA3
IBOV11
ROMI3
IRBR3
ITSA3
ITUB3
JBSS3
LOGN3
MRVE3
PRIO3
PSSA3
QGEP3
RAIL3
SBSP3
TEND3
TIMP3",1096823397730975744,0,0
225,2019-02-18 11:14:48,leiamoneytimes,"#IRBR3 Buffett negocia compra das a√ß√µes da IRB Brasil ofertadas pela Caixa, diz Valor https://t.co/blVg8i3Q1o",1097454380444463105,9,0
226,2019-02-28 13:31:07,alfredomartini,$IRBR3 - PROCEDIMENTOS NOS INDICES EM FUNCAO DA OFERTA PUBLICA SECUNDARIA DE ACOES DA EMPRESA IRB - BRASIL https://t.co/qIJroKwGzS,1101112561926373381,0,0
227,2019-02-27 14:06:20,leiamoneytimes,#IRBR3 Estrangeiros engolem nova oferta do IRB https://t.co/LJ6ceDbMdx,1100759037296168960,1,0
228,2019-02-17 03:59:21,edu_supercanal,"@hbredda Suzb3, brkm5 e 3 , vale3 comprando mais, irbr3...nao foi tao dificil. Ah, petr3 e 4. Nao inventei.",1096982409243836417,2,0
229,2019-03-04 23:03:53,Codigo_DaVinci,"@Rafamendonca11 @helocruz Vou te dar um exemplo pr√°tico: comecei na Bolsa de Valores h√° um ano e, esperando o pre√ßo baixar, at√© hoje n√£o tenho a√ß√µes da IRBR3. √â a a√ß√£o mais para tr√°s e sem perspectivas de baixar no curto prazo. E da√≠, fico at√© quando esperando?",1102706255641096192,1,0
230,2019-02-27 23:09:26,andreluizbuzzo,@BruceBarbosa88 Vo fazer short de #Radl3 #mglu3 e #irbr3,1100895714085875713,0,0
231,2019-02-21 21:02:03,alfredomartini,"$IRBR3 - (IRBR3) - ATENCAO PARA O CALL - PRECO R$  139,00 https://t.co/bYdRfYDNvK",1098689329965289472,0,0
232,2019-02-21 01:59:59,adrianorbs,@diegoeis O que voce acha IRBR3 ? O Warren est√° querendo comprar uma parte.,1098401920035840001,1,0
233,2019-02-17 23:23:48,thbangel,@CapivaraTrader IRBR3 j√° s√£o bodas...,1097275450160828418,1,0
234,2019-02-27 13:23:27,topBovespa,IRB: Novas a√ß√µes (#IRBR3) s√£o precificadas a R$ 91 em oferta  https://t.co/VoqkeQWPdw,1100748247554015232,1,0
235,2019-03-01 02:02:33,whatsonthorold2,IRB-Brasil Resseguros S.A. $IRBR3 Plunged -1.11% on Feb 28  https://t.co/y8phCl3bwh,1101301669529337858,0,0
236,2019-02-24 20:12:59,kreviewer1,IRB-Brasil Resseguros S.A. $IRBR3 Plunged -1.54% on Feb 24 https://t.co/AmSdNogujC,1099764145170329601,0,0
237,2019-02-20 19:57:01,alfredomartini,$IRBR3 - IRBBRASIL RE (IRBR-NM) - Proposta da Administracao para AGO/E - 14/03/19 (R) https://t.co/KufAPKtU94,1098310575682146313,0,0
238,2019-03-05 22:29:45,mmahotstuff1,IRB-Brasil Resseguros S.A. $IRBR3 Move Up 1.2% on Mar 5  https://t.co/EtTVPKHfMv,1103060052653559808,0,0
239,2019-02-19 11:34:29,capitalizo,"Warren Buffett, o bom velhinho, de olho no IRB Brasil (IRBR3). Ser√°? Descubra o que ele pode ter visto de bom na empresa - e que j√° enxergamos h√° algum tempo: https://t.co/MQQGbB7JLF https://t.co/ZFq4pfNdIE",1097821721938284545,2,0
240,2019-03-06 16:49:26,WallFigueiredo,"Rastreamento de #a√ß√µes : SEMANAL : 
Volume financeiro &gt;1,5 x MM21 SEM (25/02 a 01/03/19)
TIET11
BPAN4
BKBR3
COCE5
CGAS5
ENGI11
FIBR3
BCFF11
KNIP11
XPML11
HYPE3
IBOV11
IRBR3
SPXI11
JHSF3
JSLG3
MOVI3
PRIO3
RADL3
CSNA3
TOTS3
VVAR3
VULC3",1103336798829326336,1,0
241,2019-02-18 00:21:55,portiz1982,@CapivaraTrader Irbr3 vai a 200 reais tranquilo...m√°quina de fazer dinheiro...melhor empresa da bolsa,1097290075455528963,3,0
242,2019-02-27 13:42:00,AprendaComTC,"$IRBR3: A Squadra est√° short no IRB (Brazil Journal)

https://t.co/OdscyU7Rs2",1100752915122319365,6,0
243,2019-02-28 16:31:07,alfredomartini,$IRBR3 - PROCEDIMENTOS NOS INDICES EM FUNCAO DA OFERTA PUBLICA SECUNDARIA DE ACOES DA EMPRESA IRB - BRASIL https://t.co/w5jIw24Zmy,1101157860820611079,0,0
244,2019-03-07 14:22:03,Allan6891,"@mfbohm 

Essa queda da IRBR3 tem alguma raz√£o ?

Buy opportunity??",1103662096452149249,1,0
245,2019-02-22 14:24:46,atubota,"@joaosandrini Tenho mais B3SA3 do que ITUB, S√≥ perde para IRBR3 na carteira. Lembrando que antes, sob o ticker BVMF3, foi por muito tempo um patinho feio no Ibovespa.",1098951735874408449,0,0
246,2019-02-25 23:45:08,capitalizo,Warren Buffett vai comprar a√ß√µes do IRB Brasil (IRBR3)? https://t.co/baKhlLneHJ via @YouTube,1100179923828961281,1,0
247,2019-02-25 19:04:01,ADVFNBrasil,"Lucro da IRB Brasil (IRBR3) cresceu 31,75% em 2018 https://t.co/rRpqFo4HMh",1100109179002515459,2,0
248,2019-02-15 16:40:56,AprendaComTC,"$IRBR3: IRB anuncia oferta secund√°ria que pode movimentar R$ 2,5 bilh√µes (Valor)

https://t.co/jgtzPJluGF",1096449292271796224,5,1
249,2019-02-14 20:47:20,bovespab,"$CMIG4 - An√°lise ‚Äì IBOV, WINJ19, WDOH19, PETR4, VALE3, IRBR3, EQTL3 e KROT3 https://t.co/1XsMHdUBNU",1096148909817319425,0,0
250,2019-02-14 20:47:19,bovespab,"$CCRO3 - An√°lise ‚Äì IBOV, WINJ19, WDOH19, PETR4, VALE3, IRBR3, EQTL3 e KROT3 https://t.co/ve8whkzH7t",1096148905010626565,0,0
251,2019-02-14 20:47:55,Serrasamuel,"$VALE3 - An√°lise ‚Äì IBOV, WINJ19, WDOH19, PETR4, VALE3, IRBR3, EQTL3 e KROT3 https://t.co/Gw2XlnexXX",1096149057767198721,0,0
252,2019-02-15 15:45:23,leiamoneytimes,#IRBR3 IRB anuncia oferta p√∫blica para venda de participa√ß√£o da Caixa; a√ß√µes recuam https://t.co/pZCw6dADBu,1096435311704461313,1,1
253,2019-02-14 20:47:35,patolin9,"$PETR4 - An√°lise ‚Äì IBOV, WINJ19, WDOH19, PETR4, VALE3, IRBR3, EQTL3 e KROT3 https://t.co/ywfdRzb4bw",1096148974229168135,0,0
254,2019-02-14 20:48:09,EdenPolini,"$PETR4 - An√°lise ‚Äì IBOV, WINJ19, WDOH19, PETR4, VALE3, IRBR3, EQTL3 e KROT3 https://t.co/mvRooxlOcR",1096149116311220231,0,0
255,2019-02-14 20:48:06,RodriguesGF,"$PETR4 - An√°lise ‚Äì IBOV, WINJ19, WDOH19, PETR4, VALE3, IRBR3, EQTL3 e KROT3 https://t.co/fJyWH2BY7r",1096149105691238408,0,0
256,2019-02-14 20:48:01,rogerioseleto,"$PETR4 - An√°lise ‚Äì IBOV, WINJ19, WDOH19, PETR4, VALE3, IRBR3, EQTL3 e KROT3 https://t.co/AECgoJKJuK",1096149081662124035,0,0
257,2019-02-14 20:47:56,Serrasamuel,"$BBDC4 - An√°lise ‚Äì IBOV, WINJ19, WDOH19, PETR4, VALE3, IRBR3, EQTL3 e KROT3 https://t.co/qvRlvmDORi",1096149062506692608,0,0
258,2019-02-14 20:48:12,welington_wem,"$VALE3 - An√°lise ‚Äì IBOV, WINJ19, WDOH19, PETR4, VALE3, IRBR3, EQTL3 e KROT3 https://t.co/7PMdmmD0CM",1096149127535185920,0,0
259,2019-02-14 21:04:01,ADVFNBrasil,"An√°lise ‚Äì IBOV, WINJ19, WDOH19, PETR4, VALE3, IRBR3, EQTL3 e KROT3 https://t.co/eAwml6lSZ2",1096153107615096833,0,0
260,2019-02-14 20:47:41,Alexandre_ush,"$PETR4 - An√°lise ‚Äì IBOV, WINJ19, WDOH19, PETR4, VALE3, IRBR3, EQTL3 e KROT3 https://t.co/boerLdXVQD",1096149000858812416,0,0
261,2019-02-14 20:47:18,bovespab,"$VALE3 - An√°lise ‚Äì IBOV, WINJ19, WDOH19, PETR4, VALE3, IRBR3, EQTL3 e KROT3 https://t.co/ThHbnqczIe",1096148902749851649,0,0
262,2019-02-14 20:48:12,welington_wem,"$CMIG4 - An√°lise ‚Äì IBOV, WINJ19, WDOH19, PETR4, VALE3, IRBR3, EQTL3 e KROT3 https://t.co/3ybCG3hzcN",1096149129963732993,0,0
263,2019-02-14 20:48:17,alfredomartini,"$IRBR3 - An√°lise ‚Äì IBOV, WINJ19, WDOH19, PETR4, VALE3, IRBR3, EQTL3 e KROT3 https://t.co/tB7NSzBsnZ",1096149150704521216,0,0
264,2019-02-14 20:47:19,bovespab,"$BBDC4 - An√°lise ‚Äì IBOV, WINJ19, WDOH19, PETR4, VALE3, IRBR3, EQTL3 e KROT3 https://t.co/zkLnZW8dVi",1096148907330097152,0,0
265,2019-02-14 20:48:23,Ageu_Moreira,"$CMIG4 - An√°lise ‚Äì IBOV, WINJ19, WDOH19, PETR4, VALE3, IRBR3, EQTL3 e KROT3 https://t.co/NesNsEKC8v",1096149173320192000,0,0
266,2019-02-16 17:08:43,WallFigueiredo,"Rastreamento de #a√ß√µes : Graf Di√°rio p/ 18/02/19, Analise se romper: 
BRSR6 25,62
BKBR3 20,73
CRFB3 19,83
CMIG3 16,48
ENEV3 18,97
IRBR3 92,13
LEVE3 27,43
NATU3 46,98
PTBL3 5,55
CSNA3 10,22
UGPA3 57,22
VLID3 21,26",1096818670670700546,1,0
267,2019-02-14 20:48:20,EltonSanches,"$BBDC4 - An√°lise ‚Äì IBOV, WINJ19, WDOH19, PETR4, VALE3, IRBR3, EQTL3 e KROT3 https://t.co/Cq9Vcthrre",1096149161324482563,0,0
268,2019-02-14 20:48:04,CarlosSoucas20,"$PETR4 - An√°lise ‚Äì IBOV, WINJ19, WDOH19, PETR4, VALE3, IRBR3, EQTL3 e KROT3 https://t.co/5SIuSq1YOK",1096149096740601859,0,0
269,2019-02-14 20:47:21,Carlos_Reis,"$BBDC4 - An√°lise ‚Äì IBOV, WINJ19, WDOH19, PETR4, VALE3, IRBR3, EQTL3 e KROT3 https://t.co/JthH65J9VY",1096148914745548801,0,0
270,2019-02-14 20:47:58,agrillo74,"$PETR4 - An√°lise ‚Äì IBOV, WINJ19, WDOH19, PETR4, VALE3, IRBR3, EQTL3 e KROT3 https://t.co/Jb4bw1WOVv",1096149071461601281,0,0
271,2019-02-15 11:56:53,Diego_DS82,@THIAGOSALOMAO @FundoVersa @luizfalvesjr Que calor o @FundoVersa  est√° passando com short em IRBR3. Acho que dessa vez erraram.,1096377807477895173,4,0
272,2019-02-14 20:47:31,aleoc,"$PETR4 - An√°lise ‚Äì IBOV, WINJ19, WDOH19, PETR4, VALE3, IRBR3, EQTL3 e KROT3 https://t.co/A3Ib25PqzF",1096148955270909953,0,0
273,2019-02-14 20:47:43,llgonca,"$CMIG4 - An√°lise ‚Äì IBOV, WINJ19, WDOH19, PETR4, VALE3, IRBR3, EQTL3 e KROT3 https://t.co/uA7OTIZTOF",1096149006655389696,0,0
274,2019-02-14 20:47:20,Carlos_Reis,"$PETR4 - An√°lise ‚Äì IBOV, WINJ19, WDOH19, PETR4, VALE3, IRBR3, EQTL3 e KROT3 https://t.co/gghs7rPoNp",1096148912459706372,0,0
275,2019-02-14 20:47:36,patolin9,"$CMIG4 - An√°lise ‚Äì IBOV, WINJ19, WDOH19, PETR4, VALE3, IRBR3, EQTL3 e KROT3 https://t.co/JYXgicAGXX",1096148976523452416,0,0
276,2019-02-15 20:26:01,alfredomartini,$IRBR3 - IRBBRASIL RE (IRBR-NM) - Dem. Financeiras Padroes Internacionais - 31/12/18 https://t.co/ZQ0BmWZ9Ok,1096505933839155200,0,0
277,2019-02-14 20:47:54,Serrasamuel,"$PETR4 - An√°lise ‚Äì IBOV, WINJ19, WDOH19, PETR4, VALE3, IRBR3, EQTL3 e KROT3 https://t.co/4OP8CaOgFs",1096149055523172353,1,0
278,2019-02-14 20:48:02,cacoal10,"$PETR4 - An√°lise ‚Äì IBOV, WINJ19, WDOH19, PETR4, VALE3, IRBR3, EQTL3 e KROT3 https://t.co/MMricHOxAW",1096149087026663427,0,0
279,2019-02-14 20:48:05,keyexon,"$VALE3 - An√°lise ‚Äì IBOV, WINJ19, WDOH19, PETR4, VALE3, IRBR3, EQTL3 e KROT3 https://t.co/DKvt9N1Gvw",1096149101455048704,0,0
280,2019-02-14 20:47:50,afcamandaroba,"$PETR4 - An√°lise ‚Äì IBOV, WINJ19, WDOH19, PETR4, VALE3, IRBR3, EQTL3 e KROT3 https://t.co/O1n3vnBjvn",1096149037319942150,0,0
281,2019-02-14 20:47:56,Serrasamuel,"$CCRO3 - An√°lise ‚Äì IBOV, WINJ19, WDOH19, PETR4, VALE3, IRBR3, EQTL3 e KROT3 https://t.co/Vgf6o71Tc4",1096149060032102400,0,0
282,2019-02-14 20:48:14,moedchem,"$VALE3 - An√°lise ‚Äì IBOV, WINJ19, WDOH19, PETR4, VALE3, IRBR3, EQTL3 e KROT3 https://t.co/I8JVNz700U",1096149137538584576,0,0
283,2019-02-14 20:47:52,ronaldocfabiano,"$VALE3 - An√°lise ‚Äì IBOV, WINJ19, WDOH19, PETR4, VALE3, IRBR3, EQTL3 e KROT3 https://t.co/Q61hy6UFFF",1096149046509662219,1,0
284,2019-02-14 20:48:10,RICKSHEIK,"$PETR4 - An√°lise ‚Äì IBOV, WINJ19, WDOH19, PETR4, VALE3, IRBR3, EQTL3 e KROT3 https://t.co/96Vq4g0KRf",1096149121461899264,0,0
285,2019-02-14 20:48:05,keyexon,"$PETR4 - An√°lise ‚Äì IBOV, WINJ19, WDOH19, PETR4, VALE3, IRBR3, EQTL3 e KROT3 https://t.co/54J04rIYDj",1096149099198459906,0,0
286,2019-02-14 20:48:20,grupoelane,"$BBDC4 - An√°lise ‚Äì IBOV, WINJ19, WDOH19, PETR4, VALE3, IRBR3, EQTL3 e KROT3 https://t.co/e9WFKlypKQ",1096149164050788352,0,0
287,2019-02-16 17:09:17,WallFigueiredo,"Rastreamento de #a√ß√µes : Graf Di√°rio 

Volume financeiro &gt;1,5 x MM21 Graf Di√°rio - 15/02/19)
BPAN4
CLGN34
ENBR3
ESTC3
FESA4
FIBR3
BBVJ11
KNCR11
MAXR11
GFSA3
HYPE3
IBOV11
INEP4
IRBR3
ITSA3
JHSF3
KROT3
LOGN3
MAGG3
SEER3
SMLS3
SULA11
TIMP3
TRIS3
USIM5

Uso https://t.co/e9QdFtUAPS",1096818814136786946,0,0
288,2019-02-14 20:47:42,llgonca,"$PETR4 - An√°lise ‚Äì IBOV, WINJ19, WDOH19, PETR4, VALE3, IRBR3, EQTL3 e KROT3 https://t.co/lYvXESJxJw",1096149004382023682,0,0
289,2019-02-15 10:40:06,daltonvieira,"Prepare-se para o preg√£o de hoje. An√°lise - IBOV, WINJ19, WDOH19, PETR4, VALE3, IRBR3, EQTL3, CMIG4, CCRO3, KROT3 e BBDC4. Assista! https://t.co/hn94u8Ou3S",1096358482092146688,0,1
290,2019-02-14 20:47:17,bovespab,"$PETR4 - An√°lise ‚Äì IBOV, WINJ19, WDOH19, PETR4, VALE3, IRBR3, EQTL3 e KROT3 https://t.co/dMpnc8hKAt",1096148900443013121,0,0
291,2019-02-14 20:48:03,cacoal10,"$BBDC4 - An√°lise ‚Äì IBOV, WINJ19, WDOH19, PETR4, VALE3, IRBR3, EQTL3 e KROT3 https://t.co/HbFFsk8YB7",1096149089966800897,0,0
292,2019-02-15 18:39:47,guilhermezm0,@IFIX_bot IRBR3,1096479201769721857,0,0
293,2019-02-15 13:50:19,mfbohm,Berkshire entrando?? üöÄüöÄ #IRBR3 #MAB #melhoresacoes https://t.co/3dgESyxI49,1096406351780171777,76,0
294,2019-02-14 20:48:11,welington_wem,"$PETR4 - An√°lise ‚Äì IBOV, WINJ19, WDOH19, PETR4, VALE3, IRBR3, EQTL3 e KROT3 https://t.co/IyFRlfc56a",1096149125282836480,0,0
295,2019-02-14 20:48:08,gtapioca,"$PETR4 - An√°lise ‚Äì IBOV, WINJ19, WDOH19, PETR4, VALE3, IRBR3, EQTL3 e KROT3 https://t.co/wX7MTgY0H5",1096149113106825222,0,0
296,2019-02-14 20:47:57,Serrasamuel,"$CMIG4 - An√°lise ‚Äì IBOV, WINJ19, WDOH19, PETR4, VALE3, IRBR3, EQTL3 e KROT3 https://t.co/yhrklH7yf7",1096149064830328832,0,0
297,2019-02-14 20:47:52,ronaldocfabiano,"$PETR4 - An√°lise ‚Äì IBOV, WINJ19, WDOH19, PETR4, VALE3, IRBR3, EQTL3 e KROT3 https://t.co/pF0Ytu39uw",1096149043728797697,0,0
298,2019-02-08 20:28:11,welington_wem,"$PETR4 - An√°lise ‚Äì IBOV, WING19, WDOH19, PETR4, VALE3, IRBR3, GOLL4 e B3SA3 https://t.co/b2Ygj8VfVw",1093969763926228992,0,0
299,2019-02-10 13:08:01,WallFigueiredo,"Rastreamento de #a√ß√µes : Graf Di√°rio p/ 11/02/19,Analise se romper: 
ABCB4 19,26
BRSR6 23,92
BRML3 14,02
BRPR3 9,17
CCRO3 14,35
CSMG3 60,69
CPLE3 32,26
RLOG3 15,64
CSAN3 43,41
ELET3 35,94
ENBR3 17,83
EZTC3 27,24
GOLL4 27,22
IGTA3 44,26
IRBR3 89,43
SMAL11 93,92
PIBB11 163,51

Cont",1094583767010865152,2,0
300,2019-02-12 11:37:20,alfredomartini,$IRBR3 - IRBBRASIL RE (IRBR-NM) - Boletim de voto a distancia para AGE - 14/03/19 https://t.co/mISQDN5Jwb,1095285722494521344,0,0
301,2019-02-08 20:27:56,ronaldocfabiano,"$PETR4 - An√°lise ‚Äì IBOV, WING19, WDOH19, PETR4, VALE3, IRBR3, GOLL4 e B3SA3 https://t.co/KHQG2Y3wC1",1093969703326879744,0,0
302,2019-02-13 10:40:08,daltonvieira,"Prepare-se para o preg√£o de hoje. An√°lise - IBOV, WING19, WDOH19, PETR4, VALE3, IRBR3, KROT3, ITUB4, BRSR6, IGTA3, HGTX3 e PCAR4. Assista! https://t.co/wC3WYH2eor",1095633714338582528,0,0
303,2019-02-08 20:27:59,agrillo74,"$PETR4 - An√°lise ‚Äì IBOV, WING19, WDOH19, PETR4, VALE3, IRBR3, GOLL4 e B3SA3 https://t.co/RrzZYsY3md",1093969716299907072,0,0
304,2019-02-08 20:27:57,ronaldocfabiano,"$VALE3 - An√°lise ‚Äì IBOV, WING19, WDOH19, PETR4, VALE3, IRBR3, GOLL4 e B3SA3 https://t.co/432jWaNm6z",1093969705738616832,0,0
305,2019-02-09 10:07:58,daltozo,"@rsf3127 N√≥s da @elevenfinancial temos recomenda√ß√£o de compra para IRBR3. O ano de 2019 promete ser t√£o, ou at√© mais, promissor para a companhia em termos operacionais.",1094176071552036865,6,0
306,2019-02-08 20:27:49,llgonca,"$PETR4 - An√°lise ‚Äì IBOV, WING19, WDOH19, PETR4, VALE3, IRBR3, GOLL4 e B3SA3 https://t.co/kkXD0gmCsX",1093969673685737473,0,0
307,2019-02-08 20:27:55,afcamandaroba,"$PETR4 - An√°lise ‚Äì IBOV, WING19, WDOH19, PETR4, VALE3, IRBR3, GOLL4 e B3SA3 https://t.co/A9LwLyBQDy",1093969697207406593,0,0
308,2019-02-11 20:47:42,alfredomartini,"$IRBR3 - An√°lise ‚Äì IBOV, WING19, WDOH19, PETR4, VALE3, LREN3, KROT3 e BBAS3 https://t.co/BmV09h6CVn",1095061841569632257,0,0
309,2019-02-11 20:22:03,alfredomartini,$IRBR3 - IRBBRASIL RE (IRBR-NM) - Dados Financeiros - Press-release - 31/12/18 (R) https://t.co/qh2e43XU2l,1095055386095308802,0,0
310,2019-02-08 20:28:02,rogerioseleto,"$PETR4 - An√°lise ‚Äì IBOV, WING19, WDOH19, PETR4, VALE3, IRBR3, GOLL4 e B3SA3 https://t.co/XiXenCCHA9",1093969725430919168,0,0
311,2019-02-08 20:56:01,alfredomartini,"$IRBR3 - IRBBRASIL RE (IRBR-NM) - VM Posicao Individual (Cia,Controladas e Coligadas) https://t.co/P2gTfRklq6",1093976768409714689,0,0
312,2019-02-14 10:40:09,daltonvieira,"Prepare-se para o preg√£o de hoje. An√°lise - IBOV, WINJ19, WDOH19, PETR4, VALE3, KROT3, IRBR3, USIM5, VVAR3, BBAS3, CCRO3 e LREN3. Assista! https://t.co/0xUg55MPRw",1095996106977218561,2,0
313,2019-02-09 22:40:05,daltonvieira,"An√°lise Semanal - IBOV, WING19, WDOH19, PETR4, VALE3, IRBR3, GOLL4, ALUP11, RAIL3, RENT3 e B3SA3. Assista! https://t.co/YzepGl4qPJ",1094365345077436418,0,0
314,2019-02-12 10:40:07,daltonvieira,"Prepare-se para o preg√£o de hoje. An√°lise - IBOV, WING19, WDOH19, PETR4, VALE3, LREN3, KROT3, IRBR3, LAME4, BBAS3 e SMLS3. Assista! https://t.co/yAUMRa9wix",1095271324216365057,0,0
315,2019-02-11 10:40:08,daltonvieira,"Prepare-se para o preg√£o de hoje. An√°lise - IBOV, WING19, WDOH19, PETR4, VALE3, IRBR3, GOLL4, ALUP11, RAIL3, RENT3 e B3SA3. Assista! https://t.co/YzepGl4qPJ",1094908938615705601,0,0
316,2019-02-12 20:57:39,alfredomartini,"$IRBR3 - An√°lise ‚Äì IBOV, WING19, WDOH19, PETR4, VALE3, ITUB4, BRSR6 e IGTA3 https://t.co/ILPbEfI2HF",1095426732809687040,0,0
317,2019-02-12 20:49:09,daltonvieira,"An√°lise - IBOV, WING19, WDOH19, PETR4, VALE3, IRBR3, KROT3, ITUB4, BRSR6, IGTA3, HGTX3 e PCAR4. Assista! https://t.co/wC3WYH2eor",1095424590682251265,1,0
318,2019-02-08 20:28:10,RICKSHEIK,"$PETR4 - An√°lise ‚Äì IBOV, WING19, WDOH19, PETR4, VALE3, IRBR3, GOLL4 e B3SA3 https://t.co/e1OLzgtPIp",1093969760147116033,0,0
319,2019-02-08 20:28:05,keyexon,"$VALE3 - An√°lise ‚Äì IBOV, WING19, WDOH19, PETR4, VALE3, IRBR3, GOLL4 e B3SA3 https://t.co/ECFAuYbQqH",1093969740341698560,0,0
320,2019-02-13 20:37:34,alfredomartini,"$IRBR3 - An√°lise ‚Äì IBOV, WINJ19, WDOH19, PETR4, VALE3, USIM5, VVAR3 e BBAS3 https://t.co/rfvfAxvh20",1095784064303411204,0,0
321,2019-02-08 20:28:05,keyexon,"$PETR4 - An√°lise ‚Äì IBOV, WING19, WDOH19, PETR4, VALE3, IRBR3, GOLL4 e B3SA3 https://t.co/mbKhCL8RDA",1093969738047336450,0,0
322,2019-02-12 11:37:21,alfredomartini,$IRBR3 - IRBBRASIL RE (IRBR-NM) - Edital de Convocacao de AGO/E - 14/03/19 https://t.co/YHkVGjPg1M,1095285728114667522,0,0
323,2019-02-08 20:27:49,Alexandre_ush,"$PETR4 - An√°lise ‚Äì IBOV, WING19, WDOH19, PETR4, VALE3, IRBR3, GOLL4 e B3SA3 https://t.co/9sM6f0Ar2L",1093969670531633152,0,0
324,2019-02-12 14:03:58,edutoigo,Entrada de ST em #IRBR3 andando muito bem. S√≥ falta #AMAR3 andar,1095322626531168257,2,0
325,2019-02-10 13:18:58,WallFigueiredo,"Rastreamento de #a√ß√µes : SEMANAL p/ 11 a 15/02/19, Analise se romper: 

BRCR11 104,15
JSRE11 107,68
KNRI11 153,48
IRBR3 89,43
JHSF3 2,13
PMAM3 1,50",1094586526179213312,3,0
326,2019-02-12 11:37:20,alfredomartini,$IRBR3 - IRBBRASIL RE (IRBR-NM) - Proposta da Administracao para AGO/E - 14/03/19 https://t.co/D8DYTkcQDd,1095285725011079168,0,0
327,2019-02-10 13:23:06,capitalizo,"Resultados fortes de resultados trimestrais divulgados semana passada. Destacamos Lojas Renner (LREN3), IRB Brasil (IRBR3) e Klabin (KLBN11). Essa semana tem mais!",1094587562696548352,2,0
328,2019-02-14 13:55:02,SSQNS1,Estou pensando em cobrar uma taxa de quem est√° comprado em irbr3 para eu n√£o entrar no papel. Se eu comprar cai.,1096045150411935745,4,0
329,2019-02-14 20:39:13,daltonvieira,"An√°lise - IBOV, WINJ19, WDOH19, PETR4, VALE3, IRBR3, EQTL3, CMIG4, CCRO3, KROT3 e BBDC4. Assista! https://t.co/hn94u8Ou3S",1096146870269825025,0,0
330,2019-02-12 17:22:14,uorrembife,@luizfalvesjr O porto seguro da bolsa... PSSA3 SULA11 IRBR3,1095372518851072001,5,0
331,2019-02-11 20:42:15,daltonvieira,"An√°lise - IBOV, WING19, WDOH19, PETR4, VALE3, LREN3, KROT3, IRBR3, LAME4, BBAS3 e SMLS3. Assista! https://t.co/yAUMRa9wix",1095060469017178117,0,0
332,2019-02-12 10:40:01,br_tradingview,#IRBR3 - IRBR3 em congest√£o no topo de seu canal de alta - TradingView - https://t.co/Zst18NKF9D,1095271300480655361,1,0
333,2019-02-11 13:52:02,edutoigo,#irbr3 mostrando recupera√ß√£o e for√ßa compradora no di√°rio üöÄüöÄ,1094957234579222528,2,0
334,2019-02-11 10:30:01,Monkey_Stocks,"In√≠cio de mais uma semana. Carteira semanal do Macaco Z√©, feita para os ‚Äúvery important people‚Äù, carteira EH VIP. EGIE3, HYPE3, VVAR3, IRBR3 e PETR4. Ser√° que a anti-an√°lise bater√° mais‚Ä¶ https://t.co/9ItRb6Qbrn",1094906393742589952,0,0
335,2019-02-12 11:37:19,alfredomartini,$IRBR3 - IRBBRASIL RE (IRBR-NM) - Boletim de voto a distancia para AGO - 14/03/19 https://t.co/hxBp7PWOC0,1095285720191852547,0,0
336,2019-02-08 20:28:09,EdenPolini,"$PETR4 - An√°lise ‚Äì IBOV, WING19, WDOH19, PETR4, VALE3, IRBR3, GOLL4 e B3SA3 https://t.co/zbTJed69E0",1093969754619031552,0,0
337,2019-02-08 20:28:03,cacoal10,"$PETR4 - An√°lise ‚Äì IBOV, WING19, WDOH19, PETR4, VALE3, IRBR3, GOLL4 e B3SA3 https://t.co/IfaTyonHWF",1093969729771982848,0,0
338,2019-02-08 20:28:11,welington_wem,"$VALE3 - An√°lise ‚Äì IBOV, WING19, WDOH19, PETR4, VALE3, IRBR3, GOLL4 e B3SA3 https://t.co/iHUvqj0XUE",1093969766207971328,0,0
339,2019-02-08 20:28:08,gtapioca,"$PETR4 - An√°lise ‚Äì IBOV, WING19, WDOH19, PETR4, VALE3, IRBR3, GOLL4 e B3SA3 https://t.co/cp2Dyo9S9l",1093969751284551680,0,0
340,2019-02-08 20:28:06,RodriguesGF,"$PETR4 - An√°lise ‚Äì IBOV, WING19, WDOH19, PETR4, VALE3, IRBR3, GOLL4 e B3SA3 https://t.co/RpnprPJCq8",1093969744204611584,0,0
341,2019-02-08 20:27:41,aleoc,"$PETR4 - An√°lise ‚Äì IBOV, WING19, WDOH19, PETR4, VALE3, IRBR3, GOLL4 e B3SA3 https://t.co/jHr0XDQVnN",1093969638113923073,0,0
342,2019-02-14 20:47:16,rogdcm,"$PETR4 - An√°lise ‚Äì IBOV, WINJ19, WDOH19, PETR4, VALE3, IRBR3, EQTL3 e KROT3 https://t.co/jygRNKIm0D",1096148892415152128,0,0
343,2019-02-10 13:08:33,WallFigueiredo,"Rastreamento de #a√ß√µes : Graf Di√°rio

Volume financeiro &gt;1,5 x MM21 Graf Di√°rio - 08/02/19)
BPAN4
BRML3
BRPR3
BPAC11
CLGN34
FIBR3
BCFF11
KNRI11
FLRY3
IRBR3
SMAL11
ITSA4
LILY34
LREN3
MAGG3
MOVI3
ODPV3
PSSA3
PFRM3
SBSP3
SNSL3
SEDU3
WEGE3",1094583904667947010,1,0
344,2019-02-13 20:29:27,daltonvieira,"An√°lise - IBOV, WINJ19, WDOH19, PETR4, VALE3, KROT3, IRBR3, USIM5, VVAR3, BBAS3, CCRO3 e LREN3. Assista! https://t.co/0xUg55MPRw",1095782024139411457,0,0
345,2019-02-08 20:27:34,Carlos_Reis,"$PETR4 - An√°lise ‚Äì IBOV, WING19, WDOH19, PETR4, VALE3, IRBR3, GOLL4 e B3SA3 https://t.co/VK9Y73oIXy",1093969610909593601,0,0
346,2019-02-12 18:06:26,mfbohm,IRB (IRBR3) mais uma vez no high historico. Nao adianta nada contra a mar√©. #MAB https://t.co/emomopjJvJ,1095383644410183684,135,5
347,2019-02-08 20:28:04,CarlosSoucas20,"$PETR4 - An√°lise ‚Äì IBOV, WING19, WDOH19, PETR4, VALE3, IRBR3, GOLL4 e B3SA3 https://t.co/kThaVWPEhK",1093969735665025024,0,0
348,2019-02-08 20:27:11,bovespab,"$VALE3 - An√°lise ‚Äì IBOV, WING19, WDOH19, PETR4, VALE3, IRBR3, GOLL4 e B3SA3 https://t.co/VA8ulFRP7O",1093969511013863427,0,0
349,2019-02-08 20:27:09,bovespab,"$RENT3 - An√°lise ‚Äì IBOV, WING19, WDOH19, PETR4, VALE3, IRBR3, GOLL4 e B3SA3 https://t.co/opaaABpMSn",1093969506144305154,0,0
350,2019-02-08 00:36:40,AndersonP_Gomes,@BruceBarbosa88 Irbr3 nao esta na lista,1093669911166103552,0,0
351,2019-02-07 17:04:51,RubensSciotti,"@luizfalvesjr Luiz, tem palpite para o resultado do irbr3 hoje?",1093556205153370112,0,0
352,2019-02-01 19:26:26,opaizao,oi @FundoVersa vcs continuam vendidos em IRBR3?,1091417510455504897,1,0
353,2019-02-08 20:27:12,moedchem,"$VALE3 - An√°lise ‚Äì IBOV, WING19, WDOH19, PETR4, VALE3, IRBR3, GOLL4 e B3SA3 https://t.co/d0cyTnqcuh",1093969518299439110,0,0
354,2019-02-08 19:19:02,alfredomartini,$IRBR3 - IRBBRASIL RE (IRBR-NM) - Dem. Financeiras Anuais Completas - 31/12/18 (R) https://t.co/nIlzmARB4d,1093952360760659971,0,0
355,2019-02-01 19:06:50,leiamoneytimes,#IRBR3 IRB: Credit Suisse eleva pre√ßo-alvo antes do resultado https://t.co/stDPf2OfqZ,1091412577480069120,4,1
356,2019-02-07 21:36:11,alfredomartini,$IRBR3 - IRBBRASIL RE (IRBR-NM) - Dem. Financeiras Anuais Completas - 31/12/19 (C) https://t.co/9GCp5iRagT,1093624488279855104,0,0
357,2019-02-08 20:27:18,patolin9,"$PETR4 - An√°lise ‚Äì IBOV, WING19, WDOH19, PETR4, VALE3, IRBR3, GOLL4 e B3SA3 https://t.co/VhREpRl8IQ",1093969542961868802,0,0
358,2019-02-08 01:18:09,daltozo,"Resultados
#IRBR3 - um resultado forte, com eventos sazonais t√≠picos do business e que levaram o ROE para 40% no 4T18. Por√©m, n√£o t√£o √≥bvio para quem n√£o acompanha o setor. No ano, resultado de underwriting cresceu impressionantes 43%, compensando a queda do resultado financeiro.",1093680347982778370,73,10
359,2019-02-08 20:19:23,daltonvieira,"An√°lise - IBOV, WING19, WDOH19, PETR4, VALE3, IRBR3, GOLL4, ALUP11, RAIL3, RENT3 e B3SA3. Assista! https://t.co/YzepGl4qPJ",1093967551497994242,1,0
360,2019-01-31 10:40:07,daltonvieira,"Prepare-se para o preg√£o de hoje. An√°lise - IBOV, WING19, WDOG19, PETR4, VALE3, SMTO3, VVAR3, LAME4, FLRY3, CVCB3, IRBR3, WIZS3, GOLL4 e GGBR4. Assista! https://t.co/TLhtZG23j9",1090922670768693249,1,0
361,2019-02-01 11:39:12,alfredomartini,$IRBR3 - IRBBRASIL RE (IRBR-NM) - Calendario de Eventos Corporativos - ate 31/12/19 (R) https://t.co/kpFaGpoY1y,1091299925210685440,0,0
362,2019-02-07 21:09:01,alfredomartini,$IRBR3 - IRBBRASIL RE (IRBR-NM) - Demonstracoes Financeiras - DFP de 31/12/18 https://t.co/20Pi6bnLtm,1093617652583591936,0,0
363,2019-02-06 22:41:41,magno8k,@felfelipepontes Saudade de voltar para irbr3...,1093278584553304065,0,0
364,2019-02-08 20:27:20,alfredomartini,"$IRBR3 - An√°lise ‚Äì IBOV, WING19, WDOH19, PETR4, VALE3, IRBR3, GOLL4 e B3SA3 https://t.co/Wq2tSt95Ed",1093969551459524610,0,0
365,2019-02-08 00:28:59,zehneckel,"Teleconfer√™ncias (4T18) 08/01

*Klabin (KLBN11) 11h:* https://t.co/2enoeMJlV8  (Senha: Klabin)

*IRB Brasil (IRBR3) 11h:* https://t.co/BbQ4f3vYcx

*Lojas Renner (LREN3) 13h:* https://t.co/CxcVoQ0df5

*Br Properties (BRPR3) 11h:* https://t.co/62MobAdLNB",1093667977084485632,0,0
366,2019-02-01 20:07:02,alfredomartini,$IRBR3 - IRBBRASIL RE (IRBR-NM) - Comite de Auditoria Estatutario (CAE) - 28/01/19aa https://t.co/JyiQOTl4KA,1091427728509861893,0,0
367,2019-02-08 11:40:19,Upsideinvest,"IRB (IRBR3) divulgou resultados em linha com o guidance  (proje√ß√µes) divulgadas pela empresa, receita cresceu +20%, R$ 6,9bi. No  acumulado do ano o lucro l√≠quido foi de R$ 1.2 bi. Supera nossas estimativas. Vemos vi√©s de alta no preg√£o hojeüòÉüëÜ https://t.co/tTv230QIN6",1093836924048019457,5,0
368,2019-02-07 22:13:09,Oceans14BR,Resultados 4T18 #IRBR3 https://t.co/TWHMjlqZ6o,1093633792160350208,2,0
369,2019-02-04 02:56:49,mmahotstuff1,IRB-Brasil Resseguros S.A. $IRBR3 Moved Up 1.82% on Feb 3  https://t.co/wHFS3N6aJq,1092255626774921217,1,0
370,2019-02-07 14:15:52,JoaoPertence,@BruceBarbosa88 IRBR3,1093513678845030400,0,0
371,2019-02-07 22:03:59,mfbohm,Pega este crescimento do IRB (IRBR3) ai entao!!! #MAB #melhoresacoes https://t.co/PNEokzgSbi,1093631485943283713,122,2
372,2019-02-07 21:34:15,alfredomartini,$IRBR3 - IRBBRASIL RE (IRBR-NM) - Dem. Financeiras Anuais Completas - 31/12/18 https://t.co/VhweSIlqhm,1093624004689215488,0,0
373,2019-01-30 20:47:22,alfredomartini,"$IRBR3 - An√°lise ‚Äì IBOV, WING19, WDOG19, PETR4, VALE3, CVCB3, GOLL4 e GGBR4 https://t.co/X6OjKDuS6g",1090713102927216641,0,0
374,2019-02-08 00:59:14,10Gladiator,"@jlbraga @luizfalvesjr @mat_caldeira01 @mariana_zanutto Luiz, compre IRBR3! Abra√ßo!",1093675588089495552,2,0
375,2019-02-07 21:05:02,alfredomartini,$IRBR3 - IRBBRASIL RE (IRBR-NM) - Fato Relevante - 07/02/19 https://t.co/jEOyhzBCtk,1093616649050247169,0,0
376,2019-02-08 20:27:12,moedchem,"$GOLL4 - An√°lise ‚Äì IBOV, WING19, WDOH19, PETR4, VALE3, IRBR3, GOLL4 e B3SA3 https://t.co/bRrnGCRbPv",1093969515971457024,0,0
377,2019-02-01 20:05:01,alfredomartini,$IRBR3 - IRBBRASIL RE (IRBR-NM) - Ata Reuniao do Conselho de Administracao - 28/01/19 https://t.co/Sj4bPth5dt,1091427220667711490,0,0
378,2019-02-08 13:47:03,alfredomartini,"$IRBR3 - IRB lucra R$ 373 milh√µes no 4¬∫ tri, 50% a mais; empresa pagar√° R$ 647 milh√µes em dividendos https://t.co/6cpeVmspkm",1093868814834503680,0,0
379,2019-02-08 12:04:03,alfredomartini,$IRBR3 - (IRBR3) - LEILAO DE  IRBBRASIL REON      NM ATE  10:05:00 HS https://t.co/ave9C1IOf3,1093842897114411008,0,0
380,2019-02-07 21:10:08,alfredomartini,$IRBR3 - IRBBRASIL RE (IRBR-NM) - Dem. Financeiras Anuais Completas - 31/12/19 https://t.co/y5JSHUYKS4,1093617934080110593,0,0
381,2019-02-08 20:27:17,Serrasamuel,"$VALE3 - An√°lise ‚Äì IBOV, WING19, WDOH19, PETR4, VALE3, IRBR3, GOLL4 e B3SA3 https://t.co/eS9jvtalxz",1093969536875937793,0,0
382,2019-02-08 20:27:21,alfredomartini,"$RAIL3 - An√°lise ‚Äì IBOV, WING19, WDOH19, PETR4, VALE3, IRBR3, GOLL4 e B3SA3 https://t.co/0jkE5EZH2I",1093969553758015489,0,0
383,2019-02-07 21:03:02,alfredomartini,$IRBR3 - IRBBRASIL RE (IRBR-NM) - Ata Reuniao do Conselho de Administracao - 07/02/19 https://t.co/jFFlfUkDuZ,1093616146220228608,0,0
384,2019-02-08 20:27:10,bovespab,"$PETR4 - An√°lise ‚Äì IBOV, WING19, WDOH19, PETR4, VALE3, IRBR3, GOLL4 e B3SA3 https://t.co/yGQ8XEVfsM",1093969508669313024,0,0
385,2019-02-07 21:04:03,alfredomartini,$IRBR3 - IRBBRASIL RE (IRBR-NM) - Dados Financeiros - Press-release - 31/12/18 https://t.co/sLseIYyBfc,1093616400910962688,0,0
386,2019-02-06 19:19:55,THIAGOSALOMAO,"A Caixa deve vender 8,9% do capital da IRB na bolsa, o q equivale a 2.000 preg√µes de volume da a√ß√£o. Como IRBR3 reage a essa oferta monstra?Caindo 0,9% em um dia que o Ibovespa amarga 3,15% de queda.

E eu pensando q ia ver IRB derreter pra por na carteira de novo.... triste https://t.co/CF5dkqAena",1093227808841715714,13,1
387,2019-02-08 20:27:15,Serrasamuel,"$GOLL4 - An√°lise ‚Äì IBOV, WING19, WDOH19, PETR4, VALE3, IRBR3, GOLL4 e B3SA3 https://t.co/TfHBszJGUS",1093969529460457475,0,0
388,2019-02-08 20:27:18,patolin9,"$GOLL4 - An√°lise ‚Äì IBOV, WING19, WDOH19, PETR4, VALE3, IRBR3, GOLL4 e B3SA3 https://t.co/xt0Nx6TXVu",1093969540545949697,0,0
389,2019-02-08 20:27:16,Serrasamuel,"$PETR4 - An√°lise ‚Äì IBOV, WING19, WDOH19, PETR4, VALE3, IRBR3, GOLL4 e B3SA3 https://t.co/2uhM5D6Ijv",1093969534476845057,0,0
390,2019-02-08 00:02:39,zehneckel,"*IRB BRASIL RE (IRBR3)*
LUCRO L√çQUIDO IRB BRASIL R$ 373 MI 4T18, + 49,7% NA BASE ANUAL.
*PRESS-RELEASE:* https://t.co/X4XLxaIZ3t",1093661347596902401,0,0
391,2019-02-08 20:27:09,bovespab,"$GOLL4 - An√°lise ‚Äì IBOV, WING19, WDOH19, PETR4, VALE3, IRBR3, GOLL4 e B3SA3 https://t.co/9hlnRddY7p",1093969503380295681,0,0
392,2019-02-07 23:36:54,CryptoTrackerBt,"$IRBR3:BZ - PPT - An Innovation Committee was created to discuss
themes such as service design, data science, artificial intelligence and blockchain applications for reinsurance solutions. - https://t.co/IvB83EYDh1",1093654868395507712,1,0
393,2019-02-07 17:08:46,WagnerHACursino,@BruceBarbosa88 IRBR3,1093557192161140738,0,0
394,2019-02-08 17:14:29,edutoigo,"Entrando em KEPL3, IRBR3 e AMAR3 hj para ST",1093921017783861248,2,0
395,2019-02-03 23:01:53,zehneckel,"QUINTA (07/02):
KLABIN (KLBN4), LOJAS RENNER (LREN3), IRB RESSEGUROS (IRBR3), BR PROPERTIES (BRPR3) E BANCO DAYCOVAL (DAYC3).

*SEXTA (08/02):*
TARPON INVESTIMENTOS (TRPN3).

Obs: Os resultados podem sofrer altera√ß√µes de datas.",1092196505472114692,2,0
396,2019-02-08 11:41:41,mfbohm,Voa IRBR3!!! #MAB https://t.co/707nr8PKZx,1093837268538793984,52,0
397,2019-02-08 20:27:16,Serrasamuel,"$RENT3 - An√°lise ‚Äì IBOV, WING19, WDOH19, PETR4, VALE3, IRBR3, GOLL4 e B3SA3 https://t.co/XgU0zkATLN",1093969532119670784,0,0
398,2019-01-26 13:44:11,andreirporto,@brazilianstock BRAP4 e IRBR3 tb devem entrar na lista de pap√©is a se desvalorizar com o evento.,1089157053673865218,1,0
399,2019-01-09 22:15:35,amaurifcass,"@doohnice @hbredda Ainda acredito em IRBR3, apesar de tudo o que j√° subiu! Governo controla parte apenas, maior parte bancoes...que amam dinheiro!",1083125155516375041,1,0
400,2019-01-20 13:36:47,chrystianoarra1,"@Tiagogreis Irbr3
Ugpa3
Itsa4
Ptbl3
KROT3",1086980864666419201,1,0
401,2019-01-12 19:25:33,WallFigueiredo,"Rastreamento de #a√ß√µes:Vol Finc &gt; 1,5 x MM21dias (11/01/19):
ABCB4
ALPA4
ABEV3
AZUL4
BRAP3
BRKM5
BRFS3
CESP3
CIEL3
CGAS5
CSMG3
CPLE3
DTEX3
EMBR3
FIBR3
GGBR4
GILD34
GUAR3
HYPE3
IDNT3
PARD3
IRBR3
LAME3
POMO4
ODPV3
PSSA3
QUAL3
SBSP3
SAPR11
TIMP3
UNIP6
VVAR3
VULC3
WEGE3
WSON33
WIZS3",1084169528861474818,0,0
402,2019-01-05 17:35:07,amcasseb,@HerreraCondor #irbr3 ???,1081605025422602245,0,0
403,2019-01-22 11:08:58,VinciusBrasilei,@FariaLimaElevat Vendi IRBR3 a 57 ü§¶üèª‚Äç‚ôÇÔ∏èü§¶üèª‚Äç‚ôÇÔ∏èü§¶üèª‚Äç‚ôÇÔ∏èü§¶üèª‚Äç‚ôÇÔ∏è,1087668441132208129,1,0
404,2019-01-27 20:23:18,brumazzoni,IRBR3 PARA 2019 ESTUDO GR√ÅFICO | DESCUBRA: https://t.co/EzZB8Nl90Q via @YouTube,1089619879257407488,0,0
405,2019-01-02 19:58:05,alfredomartini,"$IRBR3 - (IRBR3)- ATENCAO PARA O CALL - PRECO R$  110,50 https://t.co/iaSNWFAILI",1080553836857749506,0,0
406,2019-01-27 02:56:52,SSQNS1,"Irbr3

Estrutura Acion√°ria - 2018 https://t.co/k7HpVVFZ2G",1089356537020235776,2,0
407,2019-01-28 15:51:48,daltozo,"Como √© nosso dever de of√≠cio, ontem, n√≥s da @elevenfinancial, divulgamos relat√≥rio aos clientes estimando poss√≠veis impactos da trag√©dia de Brumadinho em IRBR3. 
Conclu√≠mos que n√£o h√° impactos financeiros relevantes para o IRB Brasil Re.",1089913942372163584,59,6
408,2019-01-02 12:10:02,br_tradingview,#IRBR3 - Segue o Fluxo em 2019? - TradingView - https://t.co/MFMxkFoGQ5,1080436049124327425,1,0
409,2019-01-09 15:38:50,tunaifreitas,"@InsetoSereno @foconomilhao Essa a√ß√£o j√° passou dos 30... 
Eu tenho, j√° quis me desfazer pq vem performando mal (acho que IRBR3 a prejudicou), mas a empresa √© boa, os dividendos s√£o bons, e ainda tem uma possibilidade de privatiza√ß√£o completa no m√©dio prazo.",1083025309446877184,1,0
410,2019-01-20 18:14:38,WallFigueiredo,"Rastreamento de #a√ß√µes : SEMANAL p/ 21 a 25/01/19, Analise se romper: 

CPFE3 30,71
XPML11 109,25
IGTA3 41,43
IRBR3 86,53
IVVB11 107,17
POMO4 4,26
LEVE327,24
MULT3 24,71
PETR3 29,37
PRIO3 112,08
PSSA3 55,10
SMTO3 20,54
VALE3 55,74
VLID3 19,50",1087050784217411584,0,0
411,2019-01-07 11:39:10,alfredomartini,$IRBR3 - IRBBRASIL RE (IRBR-NM) - Outros Comunicados ao Mercado - 07/01/19 https://t.co/yrZzRlwnVY,1082240220576337920,0,0
412,2019-01-23 00:09:37,reurope_stock,IRB-Brasil Resseguros S.A. $IRBR3 Moved Up 0.63% on Jan 22 https://t.co/SDlA2r17W4,1087864897944387584,0,0
413,2019-01-12 19:46:41,WallFigueiredo,"Rastreamento de #a√ß√µes:SEMANAL 
Vol Finc &gt; 1,5 x MM21 Semanas, 06 a 11/01/19
Continua√ß√£o

ROMI3
IRBR3
SMAL11
LCAM3
LAME3
POMO4
MULT3
BRDT3
PSSA3
SBSP3
SAPR4
SAPR11
SEER3
VIVT3
TEND3
VVAR3
VULC3
WEGE3
WSON33",1084174847159255040,0,0
414,2019-01-10 23:42:41,amaurifcass,@BruceBarbosa88 E IRBR3?,1083509464697847808,0,0
415,2019-01-28 11:50:30,alfredomartini,$IRBR3 - (IRBR3) - LEILAO DE  IRBBRASIL REON      NM ATE  10:05:00 HS https://t.co/AnO0MOXeea,1089853217800896512,0,0
416,2019-01-28 14:30:31,Cadu1971Alves,"Teve alguns videntes da IBOV prevendo a queda de papel da IRBR3 por causa do acidente de Brumadinho ,  so ferrou as sardinhas que ca√≠ram na rede @cafecomferri",1089893486957117441,1,0
417,2019-01-03 11:38:32,alfredomartini,$IRBR3 - IRBBRASIL RE (IRBR-NM) - Outros Comunicados ao Mercado - 03/01/19 https://t.co/dsGDKaivqB,1080790511299031040,0,0
418,2019-01-23 13:00:17,Mikhailreis,"@Tiagogreis Tive a oportunidade de fazer o curso Valuation presencia com o  @Tiagogreis, q mudou minha vis√£o sobre investimentos. E essa did√°tica ele e a equipe da Suno passam em seus relat√≥rios e indica√ß√µes. Al√©m disso, indica√ß√µes como unip6, irbr3 e bidi4 multiplicaram de pre√ßo!! Recomendo",1088058840904622081,1,0
419,2019-01-27 21:08:43,e_rodo,@brumazzoni @YouTube Pessoal t√° comentando muito sobre o impacto da vale3 na irbr3. o que vc acha?,1089631312636448768,0,0
420,2019-01-02 12:04:55,brumazzoni,Segue o Fluxo em 2019? - gr√°fico de #IRBR3 https://t.co/4kraJQq8KB,1080434763624665088,0,0
421,2019-01-15 22:06:26,Diego_DS82,@marcosaravalle Irbr3,1085297181828042752,1,0
422,2019-01-27 17:35:55,RafaelLuz6,@cafecomferri Quanto vc acha que vai ser o impacto em IRBR3?,1089577757686853632,0,0
423,2019-01-04 11:06:26,2002Marcelo,Gostei de um v√≠deo @YouTube https://t.co/9k0Y7km4iE Brasil | IRBR3 | 3T18,1081144819509010432,0,0
424,2019-01-20 23:57:14,mmahotstuff1,IRB-Brasil Resseguros S.A. $IRBR3 Moved Up 3.12% on Jan 20  https://t.co/19Za0KC8pB,1087137005912379392,0,0
425,2019-01-09 19:27:47,RubensSciotti,@FundoVersa com o d√≥lar em baixa o short em irbr3 come√ßa a andar?,1083082929130168320,1,0
426,2019-01-24 19:58:06,alfredomartini,"$IRBR3 - (IRBR3) - ATENCAO PARA O CALL - PRECO R$  160,01 https://t.co/897xcGhqvG",1088526376502738945,1,0
427,2019-01-22 18:29:34,WizardHsc,@FariaLimaElevat Vender IRBR3 nos 35 e comprar JHSF3.,1087779319445966848,0,0
428,2019-01-30 20:35:41,daltonvieira,"An√°lise - IBOV, WING19, WDOG19, PETR4, VALE3, SMTO3, VVAR3, LAME4, FLRY3, CVCB3, IRBR3, WIZS3, GOLL4 e GGBR4. Assista! https://t.co/TLhtZG23j9",1090710160962662400,0,0
429,2019-01-26 18:53:47,Elitpro,"A Vale tem seguro, me parece que Allianz, ent√£o o impacto financeiro por danos a terceiros deve ser pequeno, o problema ser√° multa, que a Dilma fez quest√£o de dar um presente √† Vale em Mariana. Acredito que haja impacto em IRBR3, por causa de reseguro.",1089234965336866816,0,0
430,2019-01-20 18:15:33,WallFigueiredo,"Rastreamento de #a√ß√µes : SEMANAL 
Volume financeiro &gt;1,5 x MM21 SEM (14 a 18/01/19)
ABCB4
AALR3
ABEV3
AAPL34
ARZZ3
AZUL4
BERK34
BKBR3
BRPR3
BRAP3
CAML3
CCRO3
HGTX3
CPFE3
CRPG5
CYRE3
EMBR3
ENBR3
EVEN3
FIBR3
BCFF11
HGBS11
HTMX11
XPML11
FJTA3
FJTA4
IDNT3
ROMI3
MYPK3
IRBR3
SMAL11",1087051018049933312,0,0
431,2019-01-07 11:39:10,alfredomartini,$IRBR3 - IRBBRASIL RE (IRBR-NM) - Ata Reuniao do Conselho de Administracao - 03/01/19 https://t.co/qGvTNUl5z0,1082240223432622080,0,0
432,2019-01-27 21:31:35,brumazzoni,#IRBR3 PARA 2019 ESTUDO GR√ÅFICO | DESCUBRA https://t.co/vUZIqLUp61 via @YouTube,1089637063916441600,0,0
433,2019-01-21 11:50:06,AlvarengaThiago,"Carteira Semanal
TEND3
IRBR3
FRAS3
EQTL3
EZTC3
SANB11",1087316404800536578,5,0
434,2019-01-21 13:34:49,thbangel,"@Tiagogreis Cgas5, Petr4, Irbr3, Sapr11, Brfs3",1087342754760409088,1,0
435,2019-01-03 11:38:33,alfredomartini,$IRBR3 - IRBBRASIL RE (IRBR-NM) - Ata Reuniao do Conselho de Administracao - 28/12/18 https://t.co/gTcbhTklR2,1080790513484206081,0,0
436,2019-01-11 12:13:15,perinplobato,@brazilianstock Irbr3 tamb√©m,1083698349252005888,0,0
437,2019-01-05 20:08:46,mmahotstuff1,IRB-Brasil Resseguros S.A. $IRBR3 Declined -1.12% on Jan 5 - https://t.co/Hsews3Ip29,1081643692518264837,0,0
438,2019-01-21 11:55:57,Capivaranab3,"****CARTEIRA SEMANAL ICAP: TEND3, IRBR3, FRAS3, EQTL3
EZTC3, SANB11**** por @AlvarengaThiago",1087317875340308482,8,0
439,2019-01-02 14:13:45,magno8k,@felfelipepontes S√≥ me arrependo de ter vendido irbr3 em 2018.,1080467182713298944,0,0
440,2019-01-10 11:39:15,alfredomartini,"$IRBR3 - IRBBRASIL RE (IRBR-NM) - VM Posicao Individual (Cia,Controladas e Coligadas) https://t.co/AU2dWv3X0Y",1083327405836644352,0,0
441,2019-01-11 00:04:37,amaurifcass,@RaphaFigueredo IRBR3...n√£o h√° d√∫vida!,1083514982967463941,0,0
442,2019-01-02 20:21:29,WallFigueiredo,"Rastreamento de #A√ß√µes: Grafico diario(17:00h).Analisem:
IFR14&lt;25
DI1F20
DI1F21
DI1F22
DI1F23
DI1F24
DI1F25
STRX11

IFR14&gt;75
ABCP11
BBAS3
BKBR3
BPAC11
BRCR11
CMIG4
FIIB11
GGRC11
HGBS11
HGLG11
HGTX3
IFIX
IRBR3
MOVI3
MRVE3
MXRF11
NATU3
ONEF11
RBRR11
RENT3
SBSP3
TBOF11
THRA11
XPML11",1080559726218395648,0,0
443,2019-01-03 01:06:07,The_CasualSmart,IRB-Brasil Resseguros S.A. $IRBR3 Dipped -0.19% on Jan 2 https://t.co/xebeveRz6K,1080631358387601408,0,0
